"tlx_mental","overallTiATrust","study","overallTiAUnderstanding","perceivedSafetyCombined","Demand","Supply","Understanding","SA","trust"
1,2.42857142857143,"intention",NA,NA,NA,NA,NA,NA,NA
5,2.23809523809524,"intention",NA,NA,NA,NA,NA,NA,NA
18,1.85714285714286,"intention",NA,NA,NA,NA,NA,NA,NA
5,2.04761904761905,"intention",NA,NA,NA,NA,NA,NA,NA
10,2.33333333333333,"intention",NA,NA,NA,NA,NA,NA,NA
4,2.80952380952381,"intention",NA,NA,NA,NA,NA,NA,NA
1,2.52380952380952,"intention",NA,NA,NA,NA,NA,NA,NA
4,3.19047619047619,"intention",NA,NA,NA,NA,NA,NA,NA
7,2.71428571428571,"intention",NA,NA,NA,NA,NA,NA,NA
2,3.66666666666667,"intention",NA,NA,NA,NA,NA,NA,NA
3,2.61904761904762,"intention",NA,NA,NA,NA,NA,NA,NA
20,4.14285714285714,"intention",NA,NA,NA,NA,NA,NA,NA
12,3.66666666666667,"intention",NA,NA,NA,NA,NA,NA,NA
15,4.33333333333333,"intention",NA,NA,NA,NA,NA,NA,NA
1,4.61904761904762,"intention",NA,NA,NA,NA,NA,NA,NA
2,1.85714285714286,"intention",NA,NA,NA,NA,NA,NA,NA
8,2.23809523809524,"intention",NA,NA,NA,NA,NA,NA,NA
15,2.04761904761905,"intention",NA,NA,NA,NA,NA,NA,NA
13,2.61904761904762,"intention",NA,NA,NA,NA,NA,NA,NA
11,2.23809523809524,"intention",NA,NA,NA,NA,NA,NA,NA
9,2.14285714285714,"intention",NA,NA,NA,NA,NA,NA,NA
9,2.33333333333333,"intention",NA,NA,NA,NA,NA,NA,NA
5,4.61904761904762,"intention",NA,NA,NA,NA,NA,NA,NA
2,2.71428571428571,"intention",NA,NA,NA,NA,NA,NA,NA
3,4.90476190476191,"intention",NA,NA,NA,NA,NA,NA,NA
6,3.47619047619048,"intention",NA,NA,NA,NA,NA,NA,NA
1,2.04761904761905,"intention",NA,NA,NA,NA,NA,NA,NA
12,2.80952380952381,"intention",NA,NA,NA,NA,NA,NA,NA
14,4.14285714285714,"intention",NA,NA,NA,NA,NA,NA,NA
7,4.33333333333333,"intention",NA,NA,NA,NA,NA,NA,NA
1,3.38095238095238,"intention",NA,NA,NA,NA,NA,NA,NA
7,4.23809523809524,"intention",NA,NA,NA,NA,NA,NA,NA
1,4.14285714285714,"intention",NA,NA,NA,NA,NA,NA,NA
1,4.71428571428571,"intention",NA,NA,NA,NA,NA,NA,NA
1,4.90476190476191,"intention",NA,NA,NA,NA,NA,NA,NA
3,2.33333333333333,"intention",NA,NA,NA,NA,NA,NA,NA
3,2.42857142857143,"intention",NA,NA,NA,NA,NA,NA,NA
4,2.71428571428571,"intention",NA,NA,NA,NA,NA,NA,NA
1,3,"intention",NA,NA,NA,NA,NA,NA,NA
3,3,"intention",NA,NA,NA,NA,NA,NA,NA
7,1.66666666666667,"intention",NA,NA,NA,NA,NA,NA,NA
13,2.23809523809524,"intention",NA,NA,NA,NA,NA,NA,NA
9,3.19047619047619,"intention",NA,NA,NA,NA,NA,NA,NA
7,3.47619047619048,"intention",NA,NA,NA,NA,NA,NA,NA
6,4.14285714285714,"intention",NA,NA,NA,NA,NA,NA,NA
1,5,"intention",NA,NA,NA,NA,NA,NA,NA
1,5,"intention",NA,NA,NA,NA,NA,NA,NA
1,5,"intention",NA,NA,NA,NA,NA,NA,NA
1,4.90476190476191,"intention",NA,NA,NA,NA,NA,NA,NA
1,5,"intention",NA,NA,NA,NA,NA,NA,NA
1,5,"intention",NA,NA,NA,NA,NA,NA,NA
4,4.90476190476191,"intention",NA,NA,NA,NA,NA,NA,NA
1,5,"intention",NA,NA,NA,NA,NA,NA,NA
2,4.23809523809524,"intention",NA,NA,NA,NA,NA,NA,NA
1,5,"intention",NA,NA,NA,NA,NA,NA,NA
13,3.19047619047619,"intention",NA,NA,NA,NA,NA,NA,NA
2,3.47619047619048,"intention",NA,NA,NA,NA,NA,NA,NA
7,2.23809523809524,"intention",NA,NA,NA,NA,NA,NA,NA
8,2.42857142857143,"intention",NA,NA,NA,NA,NA,NA,NA
12,2.80952380952381,"intention",NA,NA,NA,NA,NA,NA,NA
3,4.23809523809524,"intention",NA,NA,NA,NA,NA,NA,NA
1,4.14285714285714,"intention",NA,NA,NA,NA,NA,NA,NA
5,2.14285714285714,"intention",NA,NA,NA,NA,NA,NA,NA
1,5,"intention",NA,NA,NA,NA,NA,NA,NA
1,2.71428571428571,"intention",NA,NA,NA,NA,NA,NA,NA
2,4.14285714285714,"intention",NA,NA,NA,NA,NA,NA,NA
8,1.76190476190476,"intention",NA,NA,NA,NA,NA,NA,NA
2,4.14285714285714,"intention",NA,NA,NA,NA,NA,NA,NA
5,1.76190476190476,"intention",NA,NA,NA,NA,NA,NA,NA
1,4.14285714285714,"intention",NA,NA,NA,NA,NA,NA,NA
5,2.80952380952381,"intention",NA,NA,NA,NA,NA,NA,NA
1,2.14285714285714,"intention",NA,NA,NA,NA,NA,NA,NA
3,2.33333333333333,"intention",NA,NA,NA,NA,NA,NA,NA
1,1.66666666666667,"intention",NA,NA,NA,NA,NA,NA,NA
1,1.66666666666667,"intention",NA,NA,NA,NA,NA,NA,NA
11,4,"trajectory-pre",2.5,1.25,14,20,15,21,NA
15,4,"trajectory-pre",3,1,13,19,14,20,NA
10,4,"trajectory-pre",4.5,2,14,22,18,26,NA
5,4,"trajectory-pre",4,2,6,12,17,23,NA
6,4.5,"trajectory-pre",4.25,2.75,5,15,18,28,NA
1,3,"trajectory-pre",3.5,2,15,13,14,12,NA
5,2,"trajectory-pre",2.75,1.75,18,17,12,11,NA
8,5,"trajectory-pre",4.5,2.5,20,26,20,26,NA
19,5,"trajectory-pre",4,3,6,20,15,29,NA
5,2,"trajectory-pre",2.25,-0.5,20,17,11,8,NA
7,2.5,"trajectory-pre",2.75,-1.25,13,17,11,15,NA
14,4,"trajectory-pre",3.5,-1.75,18,21,16,19,NA
8,2.5,"trajectory-pre",3.5,3,11,16,13,18,NA
1,3,"trajectory-pre",5,2.5,14,19,21,26,NA
19,4.5,"trajectory-pre",4,2.75,15,26,18,29,NA
19,4,"trajectory-pre",3.75,2,20,21,12,13,NA
8,4,"trajectory-pre",4,1.5,15,24,14,23,NA
14,3.5,"trajectory-pre",3.25,2,10,15,11,16,NA
4,4,"trajectory-pre",4.5,2,15,20,11,16,NA
7,4,"trajectory-pre",4,1.25,16,19,11,14,NA
7,3.5,"trajectory-pre",4,-2.75,13,17,17,21,NA
11,4,"trajectory-pre",2.5,0.75,14,19,13,18,NA
13,4,"trajectory-pre",3.25,1,14,21,14,21,NA
12,4.5,"trajectory-pre",4.25,2.75,9,22,13,26,NA
10,4,"trajectory-pre",4.5,2,14,21,17,24,NA
5,4,"trajectory-pre",4.5,2.75,6,16,17,27,NA
1,4,"trajectory-pre",4,1,13,14,13,14,NA
1,4,"trajectory-pre",4.75,2,5,24,21,40,NA
5,1,"trajectory-pre",2.25,0,20,17,12,9,NA
11,5,"trajectory-pre",3.5,-3,21,22,15,16,NA
7,3.5,"trajectory-pre",4.25,1.25,16,14,17,15,NA
12,4,"trajectory-pre",3,1.75,12,20,16,24,NA
16,3.5,"trajectory-pre",3.5,2.5,21,16,16,11,NA
2,4,"trajectory-pre",4,2,6,13,18,25,NA
18,4.5,"trajectory-pre",4,2.75,15,26,17,28,NA
16,3,"trajectory-pre",3.25,-1.25,14,23,15,24,NA
14,4,"trajectory-pre",3.75,2,14,15,15,16,NA
4,2,"trajectory-pre",3,1.5,12,16,12,16,NA
5,2,"trajectory-pre",4,2,6,19,11,24,NA
4,5,"trajectory-pre",4.5,3,6,17,18,29,NA
4,4,"trajectory-pre",3.75,1,11,12,13,14,NA
7,3,"trajectory-pre",4.25,2.25,16,23,14,21,NA
8,4,"trajectory-pre",3.75,2,10,18,14,22,NA
11,4,"trajectory-pre",3,1.5,15,20,14,19,NA
14,4,"trajectory-pre",2.5,1,15,19,12,16,NA
10,4,"trajectory-pre",4.5,2,14,19,18,23,NA
6,4,"trajectory-pre",4.5,2.75,6,15,17,26,NA
5,4,"trajectory-pre",4,2,6,14,18,26,NA
11,1,"trajectory-pre",2.25,-2.25,16,21,7,12,NA
1,3,"trajectory-pre",3.5,1,12,12,14,14,NA
1,3.5,"trajectory-pre",4.25,1.75,11,27,19,35,NA
3,3,"trajectory-pre",3.5,1,15,15,10,10,NA
20,4,"trajectory-pre",3.5,1.75,21,20,12,11,NA
14,3.5,"trajectory-pre",4,2,14,16,14,16,NA
9,1.5,"trajectory-pre",2.75,-1.75,13,17,13,17,NA
5,3,"trajectory-pre",4.25,2.5,16,23,16,23,NA
3,1.5,"trajectory-pre",4,-2,10,15,9,14,NA
17,4.5,"trajectory-pre",4,2.75,15,26,18,29,NA
8,4,"trajectory-pre",4,1.25,13,14,15,16,NA
15,2,"trajectory-pre",2.5,-0.75,16,24,14,22,NA
7,4,"trajectory-pre",4.5,2,10,19,13,22,NA
17,3,"trajectory-pre",3.25,0,15,21,15,21,NA
13,1,"trajectory-pre",2.75,-1.25,17,20,6,9,NA
13,3,"trajectory-pre",3.25,3,14,18,14,18,NA
11,4,"trajectory-pre",2.5,1,14,18,14,18,NA
13,4,"trajectory-pre",3,1,14,20,14,20,NA
5,2,"trajectory-pre",2.5,3,15,26,12,23,NA
10,4,"trajectory-pre",4.5,2,14,21,18,25,NA
6,4,"trajectory-pre",4,2.75,5,19,18,32,NA
9,4,"trajectory-pre",3.25,2.25,17,22,17,22,NA
1,3,"trajectory-pre",3.25,1,12,13,14,15,NA
1,4,"trajectory-pre",4.75,3,4,20,19,35,NA
2,4,"trajectory-pre",4,2,6,12,18,24,NA
5,2,"trajectory-pre",3,-1,16,18,11,13,NA
14,3,"trajectory-pre",3.5,-0.5,14,17,12,15,NA
5,3,"trajectory-pre",4,2,16,18,14,16,NA
6,3.5,"trajectory-pre",4.25,0.75,13,16,18,21,NA
20,1,"trajectory-pre",3,-0.25,18,23,15,20,NA
17,4.5,"trajectory-pre",4,2.75,15,25,18,28,NA
4,3,"trajectory-pre",4.25,3,17,19,12,14,NA
13,1.5,"trajectory-pre",3.75,1.5,19,20,15,16,NA
10,2.5,"trajectory-pre",2.5,1.25,17,25,13,21,NA
11,2.5,"trajectory-pre",3,1,13,14,12,13,NA
13,3,"trajectory-pre",4,2,12,14,11,13,NA
5,2,"trajectory-pre",4,2.25,8,21,12,25,NA
18,4,"trajectory-pre",3.75,2,18,21,13,16,NA
9,4,"trajectory-pre",3.5,2,12,16,14,18,NA
11,4,"trajectory-pre",3,-0.5,14,21,9,16,NA
11,4,"trajectory-pre",3,1.25,14,19,13,18,NA
10,4,"trajectory-pre",4.5,2,15,22,17,24,NA
1,4,"trajectory-pre",3.5,1,14,19,15,20,NA
6,4.5,"trajectory-pre",4.25,2.75,6,13,17,24,NA
15,3,"trajectory-pre",3.5,3,15,23,9,17,NA
1,3,"trajectory-pre",3,1,13,17,15,19,NA
10,3.5,"trajectory-pre",3.25,1.5,14,19,17,22,NA
1,2.5,"trajectory-pre",2.25,-0.75,19,24,19,24,NA
13,2,"trajectory-pre",2.25,-0.5,17,22,14,19,NA
2,4,"trajectory-pre",4,2,6,13,18,25,NA
5,1,"trajectory-pre",2,-1,19,21,10,12,NA
6,2,"trajectory-pre",3.25,0.5,16,19,14,17,NA
7,4,"trajectory-pre",3.75,1,15,18,9,12,NA
1,5,"trajectory-pre",5,3,21,22,13,14,NA
15,4,"trajectory-pre",3.75,2.5,16,25,18,27,NA
4,2,"trajectory-pre",3.75,2,17,17,11,11,NA
15,4,"trajectory-pre",3.25,2.75,15,22,18,25,NA
12,5,"trajectory-pre",5,3,8,17,16,25,NA
5,4,"trajectory-pre",3.75,1.25,15,16,18,19,NA
1,3,"trajectory-pre",4,3,16,13,9,6,NA
1,5,"trajectory-pre",4.75,3,19,20,7,8,NA
9,4,"trajectory-pre",2.75,2,14,19,16,21,NA
11,3.5,"trajectory-pre",3,1,14,19,14,19,NA
8,4,"trajectory-pre",4.5,2,14,21,17,24,NA
1,4,"trajectory-pre",3.5,1,14,20,13,19,NA
8,4,"trajectory-pre",3.5,1.75,16,19,10,13,NA
5,4,"trajectory-pre",3.25,2,8,15,17,24,NA
11,3,"trajectory-pre",4,2,7,13,13,19,NA
1,4,"trajectory-pre",3,2,12,15,15,18,NA
15,3,"trajectory-pre",3,3,15,22,9,16,NA
5,4,"trajectory-pre",3.5,0.5,17,21,13,17,NA
5,3,"trajectory-pre",3,0.25,16,21,10,15,NA
13,3.5,"trajectory-pre",3,1.75,16,17,14,15,NA
4,3.5,"trajectory-pre",4.25,2.25,9,17,16,24,NA
6,1.5,"trajectory-pre",2.5,-1.25,16,19,10,13,NA
11,3.5,"trajectory-pre",4.25,1,12,18,16,22,NA
15,1,"trajectory-pre",4,-2.25,17,11,9,3,NA
6,3,"trajectory-pre",5,3,10,20,10,20,NA
17,4,"trajectory-pre",3,2,13,17,14,18,NA
1,4,"trajectory-pre",4.5,3,12,24,7,19,NA
5,1,"trajectory-pre",1.5,-2,21,11,8,-2,NA
8,4,"trajectory-pre",4.5,2,11,18,12,19,NA
5,3,"trajectory-pre",4,2,17,18,14,15,NA
11,4,"trajectory-pre",2.75,1.5,14,19,13,18,NA
10,4,"trajectory-pre",4,2,14,21,17,24,NA
1,4,"trajectory-pre",3.5,1,13,21,13,21,NA
14,3,"trajectory-pre",3.25,-0.75,14,20,12,18,NA
1,4,"trajectory-pre",4,2,13,14,15,16,NA
8,3,"trajectory-pre",3,2,15,23,15,23,NA
6,5,"trajectory-pre",4.25,2.5,7,15,17,25,NA
18,3,"trajectory-pre",2,-1,10,11,13,14,NA
7,4,"trajectory-pre",3.5,2,11,16,13,18,NA
8,4.5,"trajectory-pre",4,3,9,15,13,19,NA
11,3,"trajectory-pre",3.75,1,15,11,11,7,NA
4,3,"trajectory-pre",3.75,-1.5,15,17,10,12,NA
1,5,"trajectory-pre",5,2,10,26,15,31,NA
16,2,"trajectory-pre",2,-2,15,23,17,25,NA
18,3,"trajectory-pre",2.5,1.25,20,15,6,1,NA
17,3.5,"trajectory-pre",3,3,12,16,11,15,NA
12,1,"trajectory-pre",2.5,-1.5,16,16,11,11,NA
7,4,"trajectory-pre",4.25,2.25,13,18,12,17,NA
7,2,"trajectory-pre",1.75,-1.25,14,20,9,15,NA
5,4,"trajectory-pre",2.75,2.25,19,14,6,1,NA
1,1,"trajectory-pre",1.5,-2.25,20,27,16,23,NA
4,1,"trajectory-pre",1,0,21,13,7,-1,NA
11,4,"trajectory-pre",3.5,1,14,19,14,19,NA
10,4,"trajectory-pre",4,2,14,21,16,23,NA
6,3,"trajectory-pre",3.5,-0.5,14,14,11,11,NA
1,4,"trajectory-pre",3.5,1,10,19,12,21,NA
7,3,"trajectory-pre",1.5,2,17,16,8,7,NA
8,4.5,"trajectory-pre",4,3,11,14,10,13,NA
7,2,"trajectory-pre",3.5,2.5,9,16,10,17,NA
5,4,"trajectory-pre",4,2.5,5,17,18,30,NA
13,4,"trajectory-pre",4.25,0.25,18,19,16,17,NA
6,4,"trajectory-pre",4.75,2,14,23,14,23,NA
15,5,"trajectory-pre",5,3,13,19,13,19,NA
8,3,"trajectory-pre",4.25,-1.5,18,19,11,12,NA
1,3,"trajectory-pre",4,2,14,19,13,18,NA
5,4,"trajectory-pre",3.75,3,9,18,11,20,NA
18,3,"trajectory-pre",1.75,-1.25,9,13,13,17,NA
13,2,"trajectory-pre",2.5,2.25,21,8,5,-8,NA
9,4,"trajectory-pre",3.75,2,11,17,13,19,NA
20,2,"trajectory-pre",5,1.75,3,4,21,22,NA
6,3,"trajectory-pre",3.5,-0.25,16,17,14,15,NA
17,4.5,"trajectory-pre",3.75,2.5,15,23,17,25,NA
4,4,"trajectory-pre",3.75,2.25,10,8,6,4,NA
12,1.5,"trajectory-pre",3.25,2.5,16,7,11,2,NA
11,3,"trajectory-pre",2.75,-0.5,13,16,17,20,NA
7,2.5,"trajectory-pre",3,1.75,19,23,12,16,NA
10,1.5,"trajectory-pre",3.5,1.5,14,19,14,19,NA
10,3.5,"trajectory-pre",2.75,-0.5,12,16,12,16,NA
12,3,"trajectory-pre",3.75,1.25,9,14,16,21,NA
10,4,"trajectory-pre",4,2,14,21,15,22,NA
1,3,"trajectory-pre",4.5,1,13,23,11,21,NA
8,2,"trajectory-pre",3.5,-0.5,12,18,16,22,NA
5,2,"trajectory-pre",3.25,1,17,21,9,13,NA
16,5,"trajectory-pre",4,3,15,20,15,20,NA
10,2,"trajectory-pre",2.5,-1.75,18,18,9,9,NA
9,4.5,"trajectory-pre",3.75,3,13,13,10,10,NA
9,4,"trajectory-pre",3,3,15,18,12,15,NA
15,2,"trajectory-pre",3.75,2,13,18,4,9,NA
13,3,"trajectory-pre",3.75,0.25,15,23,12,20,NA
9,3,"trajectory-pre",3.75,2.75,11,18,18,25,NA
6,1,"trajectory-pre",4,0,15,15,18,18,NA
14,4,"trajectory-pre",4.75,2.25,14,18,7,11,NA
1,3,"trajectory-pre",4,1,5,25,20,40,NA
14,4,"trajectory-pre",3.5,1.25,13,15,15,17,NA
6,3.5,"trajectory-pre",3.75,3,11,15,11,15,NA
11,3.5,"trajectory-pre",3,2,14,21,16,23,NA
12,3.5,"trajectory-pre",3,0,13,17,14,18,NA
10,4,"trajectory-pre",4,2,10,19,15,24,NA
1,4,"trajectory-pre",3.25,1,11,18,12,19,NA
12,4,"trajectory-pre",3.5,3,9,15,12,18,NA
9,3.5,"trajectory-pre",2.5,0.25,13,16,11,14,NA
7,1,"trajectory-pre",4,-0.25,15,14,14,13,NA
14,3,"trajectory-pre",3.75,1,16,22,15,21,NA
3,3,"trajectory-pre",4.25,2.5,6,13,17,24,NA
5,4.5,"trajectory-pre",3.25,2.75,8,18,16,26,NA
6,4,"trajectory-pre",4.5,2.5,7,15,6,14,NA
9,5,"trajectory-pre",5,0,14,20,13,19,NA
15,5,"trajectory-pre",5,3,15,15,13,13,NA
15,3,"trajectory-pre",4,-0.75,18,20,13,15,NA
7,3,"trajectory-pre",4,2.5,10,15,13,18,NA
15,3.5,"trajectory-pre",4,2.5,10,18,11,19,NA
5,3,"trajectory-pre",4.75,2.5,13,24,19,30,NA
1,5,"trajectory-pre",5,2.25,11,20,16,25,NA
13,2,"trajectory-pre",3.75,-2,14,20,14,20,NA
18,4.5,"trajectory-pre",4,2.5,14,25,19,30,NA
3,3,"trajectory-pre",4.25,1.5,10,15,12,17,NA
10,4,"trajectory-pre",4,1,11,22,14,25,NA
7,2,"trajectory-pre",2,-1,12,13,12,13,NA
10,3.5,"trajectory-pre",3,1.25,17,22,16,21,NA
11,4,"trajectory-pre",2.5,1.25,14,19,15,20,NA
13,4,"trajectory-pre",2.75,1,12,19,14,21,NA
6,3,"trajectory-pre",4,1.25,15,16,11,12,NA
11,4,"trajectory-pre",4,0.5,15,21,15,21,NA
5,4,"trajectory-pre",4,0,9,13,12,16,NA
11,5,"trajectory-pre",3,-3,12,18,9,15,NA
14,3.5,"trajectory-pre",4.25,1.75,15,16,12,13,NA
1,5,"trajectory-pre",5,-0.75,18,23,11,16,NA
5,5,"trajectory-pre",4.25,2.75,6,16,19,29,NA
5,3,"trajectory-pre",3,1,13,17,10,14,NA
3,3,"trajectory-pre",3.75,3,12,17,11,16,NA
13,3,"trajectory-pre",3.25,2,12,15,11,14,NA
8,4,"trajectory-pre",4.25,2,11,19,14,22,NA
4,4,"trajectory-pre",4.5,2.75,12,24,15,27,NA
11,3,"trajectory-pre",3,3,13,19,16,22,NA
1,4,"trajectory-pre",3.5,2,13,11,13,11,NA
15,4,"trajectory-pre",3,2.5,16,21,17,22,NA
13,4.5,"trajectory-pre",2,3,14,24,10,20,NA
11,2.5,"trajectory-pre",3.75,-0.25,14,17,13,16,NA
13,3,"trajectory-pre",3.25,2,9,16,11,18,NA
10,1,"trajectory-pre",2.5,-3,19,17,14,12,NA
17,4,"trajectory-pre",3.25,2,15,19,14,18,NA
16,3.5,"trajectory-pre",3.5,1.25,18,18,10,10,NA
15,2,"trajectory-pre",2.25,0.25,18,19,10,11,NA
6,1,"trajectory-pre",2.75,-0.5,13,14,8,9,NA
3,4,"trajectory-pre",4.5,3,18,13,10,5,NA
14,2,"trajectory-pre",1.5,3,16,10,7,1,NA
9,3,"trajectory-pre",4.25,1,18,26,10,18,NA
14,5,"trajectory-pre",4,3,8,14,18,24,NA
10,3,"trajectory-pre",2.5,1.5,13,15,13,15,NA
10,3,"trajectory-pre",3.25,2,16,14,12,10,NA
15,4.5,"trajectory-pre",3.5,3,15,14,13,12,NA
15,2,"trajectory-pre",3,-1.25,14,22,15,23,NA
5,3,"trajectory-pre",3.75,0.75,13,15,11,13,NA
15,2,"trajectory-pre",2.5,-1,19,22,8,11,NA
8,5,"trajectory-pre",3.75,3,10,17,18,25,NA
4,5,"trajectory-pre",4.25,3,15,19,14,18,NA
8,3.5,"trajectory-pre",3,0.75,13,13,11,11,NA
8,3,"trajectory-pre",3.5,2.75,8,18,9,19,NA
5,3,"trajectory-pre",2.75,2,10,14,12,16,NA
12,4,"trajectory-pre",3.25,0.75,12,21,16,25,NA
4,2.5,"trajectory-pre",2.75,1.75,12,21,6,15,NA
11,4,"trajectory-pre",3,1.25,15,19,17,21,NA
8,2,"trajectory-pre",3.25,1.5,16,14,13,11,NA
5,3.5,"trajectory-pre",4,2,14,17,9,12,NA
1,4,"trajectory-pre",3,1,3,10,3,10,NA
5,5,"trajectory-pre",5,-3,8,7,14,13,NA
6,3,"trajectory-pre",2.75,1,17,20,11,14,NA
10,3.5,"trajectory-pre",4,3,12,18,12,18,NA
10,4,"trajectory-pre",4,-2,12,17,11,16,NA
5,1.5,"trajectory-pre",3.75,0.75,20,17,8,5,NA
10,2,"trajectory-pre",3.25,-0.75,14,20,10,16,NA
6,4,"trajectory-pre",4,1.5,9,17,16,24,NA
13,4,"trajectory-pre",3.5,0.25,19,19,13,13,NA
12,3.5,"trajectory-pre",2.75,1.75,16,19,13,16,NA
17,3.5,"trajectory-pre",3.5,0,13,23,14,24,NA
6,2.5,"trajectory-pre",2.25,-0.75,15,21,13,19,NA
15,1,"trajectory-pre",1.75,-2.25,17,22,5,10,NA
9,4,"trajectory-pre",4,2,12,17,12,17,NA
18,4,"trajectory-pre",3,3,17,22,18,23,NA
3,3.66666666666667,"How",NA,6.25,NA,NA,NA,NA,NA
2,2.52380952380952,"How",NA,6.5,NA,NA,NA,NA,NA
1,4.80952380952381,"How",NA,7,NA,NA,NA,NA,NA
2,4.80952380952381,"How",NA,7,NA,NA,NA,NA,NA
7,4.61904761904762,"How",NA,7,NA,NA,NA,NA,NA
8,4.14285714285714,"How",NA,4.75,NA,NA,NA,NA,NA
4,4.42857142857143,"How",NA,6.25,NA,NA,NA,NA,NA
6,1.85714285714286,"How",NA,3.5,NA,NA,NA,NA,NA
4,4.33333333333333,"How",NA,6.5,NA,NA,NA,NA,NA
3,4.23809523809524,"How",NA,6.75,NA,NA,NA,NA,NA
2,3.19047619047619,"How",NA,7,NA,NA,NA,NA,NA
3,3.38095238095238,"How",NA,7,NA,NA,NA,NA,NA
2,3.85714285714286,"How",NA,4.75,NA,NA,NA,NA,NA
4,3.66666666666667,"How",NA,7,NA,NA,NA,NA,NA
2,2.90476190476191,"How",NA,5,NA,NA,NA,NA,NA
1,3.28571428571429,"How",NA,6.75,NA,NA,NA,NA,NA
2,3.66666666666667,"How",NA,4.5,NA,NA,NA,NA,NA
2,3.19047619047619,"How",NA,7,NA,NA,NA,NA,NA
2,3.38095238095238,"How",NA,5,NA,NA,NA,NA,NA
4,2.80952380952381,"How",NA,2.75,NA,NA,NA,NA,NA
10,1.28571428571429,"How",NA,1.5,NA,NA,NA,NA,NA
6,2.61904761904762,"How",NA,6.25,NA,NA,NA,NA,NA
4,4.33333333333333,"How",NA,6.25,NA,NA,NA,NA,NA
1,5,"How",NA,7,NA,NA,NA,NA,NA
6,3.19047619047619,"How",NA,5.5,NA,NA,NA,NA,NA
1,4.04761904761905,"How",NA,5.75,NA,NA,NA,NA,NA
13,1.19047619047619,"How",NA,1.5,NA,NA,NA,NA,NA
1,4.42857142857143,"How",NA,6,NA,NA,NA,NA,NA
1,4.52380952380952,"How",NA,5.75,NA,NA,NA,NA,NA
1,4.04761904761905,"How",NA,6,NA,NA,NA,NA,NA
16,4.90476190476191,"How",NA,7,NA,NA,NA,NA,NA
3,4.90476190476191,"How",NA,6.75,NA,NA,NA,NA,NA
3,5,"How",NA,7,NA,NA,NA,NA,NA
5,5,"How",NA,7,NA,NA,NA,NA,NA
1,4.80952380952381,"How",NA,5.75,NA,NA,NA,NA,NA
2,2.80952380952381,"How",NA,6.25,NA,NA,NA,NA,NA
2,3,"How",NA,6.5,NA,NA,NA,NA,NA
14,2.80952380952381,"How",NA,6.75,NA,NA,NA,NA,NA
1,1.57142857142857,"How",NA,4,NA,NA,NA,NA,NA
4,3.66666666666667,"How",NA,6.5,NA,NA,NA,NA,NA
2,3.38095238095238,"How",NA,5.75,NA,NA,NA,NA,NA
13,4.23809523809524,"How",NA,6,NA,NA,NA,NA,NA
16,3.66666666666667,"How",NA,5.25,NA,NA,NA,NA,NA
19,3.28571428571429,"How",NA,2.75,NA,NA,NA,NA,NA
2,3.76190476190476,"How",NA,6,NA,NA,NA,NA,NA
14,2.61904761904762,"How",NA,2.75,NA,NA,NA,NA,NA
8,4.80952380952381,"How",NA,6,NA,NA,NA,NA,NA
5,4.42857142857143,"How",NA,6.5,NA,NA,NA,NA,NA
7,4.61904761904762,"How",NA,6,NA,NA,NA,NA,NA
4,4.71428571428571,"How",NA,6,NA,NA,NA,NA,NA
4,4.61904761904762,"How",NA,7,NA,NA,NA,NA,NA
4,5,"How",NA,7,NA,NA,NA,NA,NA
4,4.90476190476191,"How",NA,7,NA,NA,NA,NA,NA
5,5,"How",NA,7,NA,NA,NA,NA,NA
4,5,"How",NA,7,NA,NA,NA,NA,NA
7,3.76190476190476,"How",NA,3.5,NA,NA,NA,NA,NA
7,2.04761904761905,"How",NA,2.5,NA,NA,NA,NA,NA
12,1.28571428571429,"How",NA,1.5,NA,NA,NA,NA,NA
10,1.85714285714286,"How",NA,2.75,NA,NA,NA,NA,NA
10,1.85714285714286,"How",NA,2.75,NA,NA,NA,NA,NA
2,3.38095238095238,"How",NA,6,NA,NA,NA,NA,NA
3,2.61904761904762,"How",NA,3.25,NA,NA,NA,NA,NA
5,3.28571428571429,"How",NA,4.25,NA,NA,NA,NA,NA
2,1.57142857142857,"How",NA,1.5,NA,NA,NA,NA,NA
3,5,"How",NA,6.5,NA,NA,NA,NA,NA
4,4.04761904761905,"How",NA,6,NA,NA,NA,NA,NA
5,3.76190476190476,"How",NA,5.75,NA,NA,NA,NA,NA
5,4.04761904761905,"How",NA,6,NA,NA,NA,NA,NA
5,4.04761904761905,"How",NA,6,NA,NA,NA,NA,NA
5,3,"How",NA,3.5,NA,NA,NA,NA,NA
5,4.52380952380952,"How",NA,6,NA,NA,NA,NA,NA
5,5,"How",NA,7,NA,NA,NA,NA,NA
5,5,"How",NA,6,NA,NA,NA,NA,NA
5,5,"How",NA,7,NA,NA,NA,NA,NA
2,5,"How",NA,7,NA,NA,NA,NA,NA
4,5,"How",NA,7,NA,NA,NA,NA,NA
3,5,"How",NA,7,NA,NA,NA,NA,NA
4,5,"How",NA,7,NA,NA,NA,NA,NA
4,5,"How",NA,7,NA,NA,NA,NA,NA
4,5,"How",NA,7,NA,NA,NA,NA,NA
4,3.28571428571429,"How",NA,6,NA,NA,NA,NA,NA
2,3.47619047619048,"How",NA,7,NA,NA,NA,NA,NA
6,2.80952380952381,"How",NA,5,NA,NA,NA,NA,NA
3,3.47619047619048,"How",NA,6.25,NA,NA,NA,NA,NA
5,3.0952380952381,"How",NA,4.75,NA,NA,NA,NA,NA
3,4.04761904761905,"How",NA,6.25,NA,NA,NA,NA,NA
5,3.28571428571429,"How",NA,3.75,NA,NA,NA,NA,NA
7,3.47619047619048,"How",NA,3.75,NA,NA,NA,NA,NA
3,1.76190476190476,"How",NA,1.75,NA,NA,NA,NA,NA
3,3.47619047619048,"How",NA,5.5,NA,NA,NA,NA,NA
3,4.61904761904762,"How",NA,7,NA,NA,NA,NA,NA
3,3.76190476190476,"How",NA,7,NA,NA,NA,NA,NA
3,4.33333333333333,"How",NA,7,NA,NA,NA,NA,NA
9,3.19047619047619,"How",NA,6,NA,NA,NA,NA,NA
7,3.28571428571429,"How",NA,6,NA,NA,NA,NA,NA
4,3.19047619047619,"How",NA,5.25,NA,NA,NA,NA,NA
1,4.52380952380952,"How",NA,6.25,NA,NA,NA,NA,NA
1,4.42857142857143,"How",NA,6.25,NA,NA,NA,NA,NA
1,4.61904761904762,"How",NA,7,NA,NA,NA,NA,NA
1,4.42857142857143,"How",NA,7,NA,NA,NA,NA,NA
14,4.5,"trajectory",4,2.75,9,15,19,25,NA
2,2,"trajectory",3,-1,13,13,12,12,NA
6,5,"trajectory",5,3,16,12,12,8,NA
12,4,"trajectory",4,1.25,10,17,15,22,NA
18,4,"trajectory",3.75,2,16,18,16,18,NA
19,4.5,"trajectory",4.75,2.5,18,24,15,21,NA
11,4,"trajectory",4.25,0.75,6,11,10,15,NA
12,4,"trajectory",3,1.25,15,24,16,25,NA
7,3.5,"trajectory",2.75,-1,11,21,7,17,NA
13,3,"trajectory",4.25,-1,13,11,16,14,NA
5,4.5,"trajectory",4.25,1.5,16,16,14,14,NA
3,4,"trajectory",3.5,1.5,15,22,20,27,NA
19,4,"trajectory",4,3,17,25,18,26,NA
5,3,"trajectory",4,-0.75,12,20,14,22,NA
4,4,"trajectory",3.75,1.75,18,19,13,14,NA
17,5,"trajectory",5,3,3,22,20,39,NA
6,4,"trajectory",4.5,-0.5,11,21,15,25,NA
13,4,"trajectory",4,1,4,24,19,39,NA
17,4,"trajectory",4,3,11,21,19,29,NA
7,2,"trajectory",4,-2,18,20,15,17,NA
4,2.5,"trajectory",3.75,2.5,14,16,14,16,NA
13,4,"trajectory",3.75,0.5,14,14,9,9,NA
6,3.5,"trajectory",4,2.25,15,21,16,22,NA
14,4.5,"trajectory",2.5,-0.75,17,20,15,18,NA
17,3,"trajectory",4,0,12,26,10,24,NA
6,5,"trajectory",4.25,1.5,19,18,15,14,NA
5,4,"trajectory",3.75,1.5,9,13,11,15,NA
16,4,"trajectory",4.25,2.75,8,18,12,22,NA
8,3,"trajectory",3.75,0.5,16,17,14,15,NA
17,4,"trajectory",3.5,1.75,11,19,14,22,NA
12,3,"trajectory",5,0,7,19,17,29,NA
14,3,"trajectory",3.25,-1.5,7,21,11,25,NA
19,4,"trajectory",3.75,2,18,24,17,23,NA
4,5,"trajectory",5,3,13,16,16,19,NA
10,2,"trajectory",2.5,-1.75,12,28,6,22,NA
7,4,"trajectory",4.75,1.75,5,21,17,33,NA
6,2.5,"trajectory",3.75,0.75,18,23,12,17,NA
11,4.5,"trajectory",3,3,15,15,13,13,NA
14,4,"trajectory",4.75,2,17,18,18,19,NA
15,5,"trajectory",5,2.5,7,17,15,25,NA
1,4,"trajectory",5,-2.75,15,19,19,23,NA
14,3.5,"trajectory",4,-0.75,14,16,13,15,NA
6,4,"trajectory",4.5,3,11,15,14,18,NA
3,4,"trajectory",3,3,18,19,18,19,NA
1,4,"trajectory",4.75,-1.5,13,12,15,14,NA
6,4,"trajectory",4.25,2.5,13,23,14,24,NA
17,2,"trajectory",3.5,-3,14,20,16,22,NA
14,2,"trajectory",2.75,-0.25,17,17,11,11,NA
5,5,"trajectory",5,3,11,14,21,24,NA
9,3,"trajectory",4,2.5,9,18,12,21,NA
1,4,"trajectory",4,2,15,22,14,21,NA
7,4.5,"trajectory",3.25,1,9,24,11,26,NA
5,3,"trajectory",5,-2,13,25,21,33,NA
14,3.5,"trajectory",3.75,2.25,18,24,15,21,NA
18,4,"trajectory",4,0.75,16,18,19,21,NA
16,3.5,"trajectory",3.75,2,17,22,14,19,NA
15,2,"trajectory",2,-2,16,24,19,27,NA
12,3.5,"trajectory",3,2,13,18,14,19,NA
11,3,"trajectory",3.5,0.5,14,6,4,-4,NA
19,5,"trajectory",4.5,3,19,26,19,26,NA
18,4,"trajectory",4.5,2,19,24,18,23,NA
7,4,"trajectory",2.75,0.5,17,20,13,16,NA
20,5,"trajectory",4.5,3,12,13,16,17,NA
5,3,"trajectory",4,0.5,10,19,15,24,NA
8,2,"trajectory",4,-1.25,14,21,11,18,NA
13,2,"trajectory",3.25,-2,10,21,13,24,NA
17,4,"trajectory",3.5,3,12,16,18,22,NA
5,2.5,"trajectory",3.75,2,20,18,9,7,NA
5,3,"trajectory",3.25,-0.25,14,20,13,19,NA
6,2,"trajectory",3.75,0.75,17,17,8,8,NA
6,4,"trajectory",4,3,18,27,19,28,NA
13,3,"trajectory",3.75,0.25,14,18,14,18,NA
4,5,"trajectory",4.75,3,6,12,11,17,NA
13,4.5,"trajectory",5,3,6,17,18,29,NA
15,4,"trajectory",4.25,2,14,13,16,15,NA
6,4,"trajectory",3.75,2,15,14,12,11,NA
13,3.5,"trajectory",3.5,0.75,12,19,15,22,NA
5,3,"trajectory",4,-0.25,19,18,12,11,NA
6,3,"trajectory",3.75,2.25,16,21,14,19,NA
14,2,"trajectory",3.75,0.25,14,12,13,11,NA
10,3,"trajectory",3,-1.25,18,25,9,16,NA
12,3,"trajectory",3.5,0.25,14,17,12,15,NA
5,3,"trajectory",3.5,0.75,11,20,13,22,NA
1,1.5,"trajectory",4.5,0,21,22,14,15,NA
2,2.5,"trajectory",3.5,-0.5,7,23,21,37,NA
9,3,"trajectory",4,0.75,11,20,18,27,NA
10,4,"trajectory",4.25,1.75,16,17,15,16,NA
10,2,"trajectory",3.25,-0.75,17,22,12,17,NA
3,3,"trajectory",3.5,-1,15,15,9,9,NA
6,2.5,"trajectory",3,0,15,25,15,25,NA
8,4.5,"trajectory",3.75,2.75,15,11,4,0,NA
12,4,"trajectory",3.5,0.5,11,18,12,19,NA
5,4,"trajectory",4,1.25,8,18,9,19,NA
4,3.5,"trajectory",3.5,2.5,19,22,7,10,NA
13,2.5,"trajectory",3.5,-1,14,22,10,18,NA
15,4,"trajectory",3.75,0.25,11,20,13,22,NA
11,2.5,"trajectory",3.5,2.5,21,25,12,16,NA
5,3.5,"trajectory",2.25,1.5,11,18,11,18,NA
9,3,"trajectory",4.5,3,16,20,11,15,NA
13,5,"trajectory",4,3,6,18,14,26,NA
3,4,"trajectory",4.75,-3,18,18,17,17,NA
2,5,"trajectory",5,3,3,4,3,4,NA
11,2.5,"trajectory",3,1.25,16,15,14,13,NA
19,4.5,"trajectory",3.75,-1.25,16,22,15,21,NA
11,4,"trajectory",4.5,0.5,11,23,15,27,NA
12,4,"trajectory",3,2,12,20,10,18,NA
12,4.5,"trajectory",4,-3,14,14,13,13,NA
11,3,"trajectory",3.25,2.25,12,19,10,17,NA
17,4,"trajectory",4.25,2,9,9,17,17,NA
12,2.5,"trajectory",2.75,-0.5,14,15,11,12,NA
14,3,"trajectory",3.25,1.25,11,21,12,22,NA
10,2.5,"trajectory",4.25,0.5,8,16,13,21,NA
6,3.5,"trajectory",3.75,2.75,15,18,18,21,NA
12,4,"trajectory",3.75,1.75,14,16,14,16,NA
5,4,"trajectory",4.5,-2.75,18,17,18,17,NA
14,3.5,"trajectory",2.5,-1.25,16,24,20,28,NA
11,3,"trajectory",4.25,-0.5,9,19,12,22,NA
16,3,"trajectory",3.5,2,17,20,15,18,NA
18,4,"trajectory",3.5,1.5,17,19,19,21,NA
13,3,"trajectory",3.75,-1.5,14,19,18,23,NA
18,4,"trajectory",4.75,2,19,20,17,18,NA
12,4.5,"trajectory",3.75,2.5,18,19,3,4,NA
14,4,"trajectory",2.5,1.5,14,18,14,18,NA
10,5,"trajectory",3,3,12,12,16,16,NA
17,4.5,"trajectory",4,3,11,15,19,23,NA
3,3,"trajectory",2.5,1.5,15,17,16,18,NA
20,5,"trajectory",4.5,3,13,10,13,10,NA
4,3.5,"trajectory",4,1.75,16,18,17,19,NA
16,4,"trajectory",2.75,3,16,22,17,23,NA
6,4,"trajectory",4,3,11,18,14,21,NA
19,4,"trajectory",4,0.75,15,23,14,22,NA
11,3,"trajectory",4.75,-0.5,13,18,16,21,NA
5,4,"trajectory",5,0.25,12,19,16,23,NA
10,5,"trajectory",3.25,3,17,16,20,19,NA
19,4,"trajectory",4.5,2.25,18,27,19,28,NA
13,4.5,"trajectory",4.5,2.75,3,15,14,26,NA
12,2.5,"trajectory",3.25,2.5,16,21,13,18,NA
12,4,"trajectory",3.75,2,14,19,11,16,NA
16,4,"trajectory",3,3,16,23,16,23,NA
20,5,"trajectory",5,3,4,11,15,22,NA
10,5,"trajectory",5,3,18,19,13,14,NA
14,4,"trajectory",4,2,12,12,12,12,NA
13,3.5,"trajectory",2.25,0,14,19,14,19,NA
12,3,"trajectory",3,1.5,12,16,11,15,NA
12,2,"trajectory",3.5,1.25,7,17,7,17,NA
14,5,"trajectory",3,3,17,25,19,27,NA
7,5,"trajectory",4,3,14,18,14,18,NA
2,3,"trajectory",4.75,-0.75,17,14,11,8,NA
12,4,"trajectory",4.5,2,17,22,13,18,NA
6,4,"trajectory",4.25,2.25,13,17,16,20,NA
13,3,"trajectory",3.25,0.75,15,22,16,23,NA
1,5,"trajectory",5,2.25,17,23,15,21,NA
1,5,"trajectory",5,3,3,23,21,41,NA
7,4,"trajectory",4.25,-0.25,14,19,14,19,NA
5,3.5,"trajectory",3.75,0.5,14,18,13,17,NA
15,4,"trajectory",3.75,0.5,12,12,20,20,NA
9,2.5,"trajectory",3.75,-1.25,13,20,17,24,NA
4,5,"trajectory",4.5,1.75,15,19,11,15,NA
15,3,"trajectory",4.25,1,14,19,18,23,NA
5,4,"trajectory",3.75,2.25,16,16,9,9,NA
11,5,"trajectory",3.75,3,17,20,16,19,NA
10,4,"trajectory",3.25,-3,10,19,5,14,NA
11,3,"trajectory",4,3,15,18,8,11,NA
5,4,"trajectory",4.75,3,8,27,18,37,NA
4,4,"trajectory",4.5,-1.75,10,16,9,15,NA
13,3,"trajectory",3.5,1.25,12,24,15,27,NA
10,4,"trajectory",4.5,2.75,12,20,14,22,NA
10,3.5,"trajectory",4.25,-1.75,14,23,18,27,NA
1,2,"trajectory",3.75,3,19,23,16,20,NA
5,4,"trajectory",5,3,9,19,15,25,NA
13,2.5,"trajectory",3,1,12,16,12,16,NA
4,3.5,"trajectory",5,3,11,15,11,15,NA
10,2.5,"trajectory",3,2,12,18,12,18,NA
2,2,"trajectory",3.75,1.5,17,25,18,26,NA
4,1,"trajectory",2.75,1,12,13,12,13,NA
5,1,"trajectory",3.75,2,6,28,18,40,NA
7,2.5,"trajectory",4.5,1.75,10,16,15,21,NA
9,4,"trajectory",3.75,1,7,15,14,22,NA
8,3,"trajectory",4,1,19,19,14,14,NA
18,4,"trajectory",3.75,0.75,17,20,18,21,NA
19,4,"trajectory",4.5,1.75,15,12,18,15,NA
11,5,"trajectory",3.75,3,18,24,14,20,NA
15,2,"trajectory",3.5,-1.5,16,21,18,23,NA
13,3.5,"trajectory",3,1.75,18,18,15,15,NA
14,2.5,"trajectory",5,1.5,17,21,12,16,NA
14,3.5,"trajectory",3.5,1.75,13,19,12,18,NA
14,3.5,"trajectory",4.25,1,16,19,15,18,NA
9,4,"trajectory",3.5,2,12,15,14,17,NA
13,5,"trajectory",3,3,18,16,21,19,NA
4,4,"trajectory",4.5,2,14,19,11,16,NA
11,3.5,"trajectory",3.75,3,12,22,18,28,NA
10,4.5,"trajectory",3.25,2.5,6,11,6,11,NA
11,3,"trajectory",3.75,2.5,12,16,14,18,NA
5,4,"trajectory",3.75,1.5,9,18,15,24,NA
4,4,"trajectory",5,2.75,16,10,12,6,NA
14,3,"trajectory",3.25,1.75,13,20,16,23,NA
8,4,"trajectory",4.25,-1.75,14,17,16,19,NA
12,4,"trajectory",4.25,2.25,8,14,12,18,NA
3,2,"trajectory",4.25,1.75,5,20,10,25,NA
20,5,"trajectory",4,2.25,5,18,14,27,NA
15,3.5,"trajectory",4.25,0.25,16,24,18,26,NA
17,2,"trajectory",2.75,-0.75,19,20,10,11,NA
4,4,"trajectory",4.5,0.5,19,18,18,17,NA
5,4,"trajectory",4,0.25,14,20,16,22,NA
16,3,"trajectory",3.75,1.75,11,21,13,23,NA
5,3.5,"trajectory",3.25,1.5,18,18,14,14,NA
12,1.5,"trajectory",1.5,-1.5,15,24,7,16,NA
6,3,"trajectory",4.25,2,16,19,10,13,NA
3,5,"trajectory",4.75,2.5,9,13,15,19,NA
5,4,"trajectory",3.75,-2.5,14,21,19,26,NA
4,5,"trajectory",5,-3,12,10,19,17,NA
20,3,"trajectory",3.75,0.25,19,19,12,12,NA
13,5,"trajectory",5,3,10,18,21,29,NA
5,3.5,"trajectory",3.5,1.5,14,20,10,16,NA
10,4,"trajectory",3,2,13,16,11,14,NA
13,3.5,"trajectory",3.5,0.75,15,22,16,23,NA
14,5,"trajectory",4.5,3,13,18,14,19,NA
18,2,"trajectory",4.25,-1.5,18,17,12,11,NA
12,1.5,"trajectory",3,-0.5,19,27,11,19,NA
18,3,"trajectory",3.75,0,20,25,19,24,NA
16,3.5,"trajectory",3.25,2.5,19,20,15,16,NA
14,4,"trajectory",4.75,1.75,18,22,17,21,NA
15,3,"trajectory",4,-1.25,15,20,17,22,NA
20,1,"trajectory",4,-3,5,22,11,28,NA
10,3.5,"trajectory",3,1.5,13,18,11,16,NA
14,2,"trajectory",2.5,-1.75,17,18,13,14,NA
20,1,"trajectory",2.25,-2.25,17,25,12,20,NA
1,2.5,"trajectory",3.75,-1,21,28,10,17,NA
11,2,"trajectory",2,-1,14,23,14,23,NA
2,5,"trajectory",4.5,-1,6,10,18,22,NA
14,5,"trajectory",5,-1,11,23,21,33,NA
14,5,"trajectory",5,-3,15,20,15,20,NA
15,1,"trajectory",3.5,3,14,19,7,12,NA
3,4,"trajectory",5,2.25,5,16,14,25,NA
10,3,"trajectory",4.75,3,15,17,13,15,NA
1,3,"trajectory",5,3,3,22,16,35,NA
7,3,"trajectory",3.75,2.25,17,25,14,22,NA
7,4,"trajectory",4.75,-2.75,11,26,17,32,NA
3,3.5,"scene",4.25,0,15,16,14,15,NA
4,4,"scene",4,1.5,8,20,13,25,NA
2,5,"scene",3,3,8,10,9,11,NA
14,5,"scene",4,2.75,17,21,13,17,NA
16,4,"scene",4.75,1,17,21,17,21,NA
1,4,"scene",3.5,3,14,19,12,17,NA
2,4,"scene",5,1.5,21,26,18,23,NA
8,5,"scene",3,3,21,28,21,28,NA
19,4,"scene",2.75,2.5,13,14,13,14,NA
15,1.5,"scene",4.5,-0.25,20,26,13,19,NA
8,3.5,"scene",3.5,1,14,16,12,14,NA
16,3,"scene",3.75,0.25,11,22,10,21,NA
20,4.5,"scene",5,3,15,26,19,30,NA
4,3.5,"scene",3,-0.5,14,18,11,15,NA
4,4.5,"scene",3.75,2.75,17,21,14,18,NA
17,5,"scene",3.5,3,13,23,15,25,NA
6,2,"scene",4,0,13,21,13,21,NA
12,3,"scene",4,2.25,12,17,13,18,NA
16,4,"scene",4.25,0.75,18,18,13,13,NA
16,4,"scene",3,3,16,20,15,19,NA
5,4,"scene",3.75,0.5,12,19,9,16,NA
5,5,"scene",5,3,9,19,17,27,NA
1,4,"scene",4.75,3,4,7,12,15,NA
2,2.5,"scene",5,0,10,21,12,23,NA
4,4,"scene",4,3,7,18,17,28,NA
7,3,"scene",2.25,-0.5,16,22,14,20,NA
11,2,"scene",2.5,0.5,13,20,12,19,NA
15,3,"scene",3.25,0.5,5,21,20,36,NA
3,1,"scene",3.75,-0.75,16,23,15,22,NA
10,3.5,"scene",4.25,1.75,12,21,10,19,NA
13,2.5,"scene",3.5,2.75,13,24,16,27,NA
13,3.5,"scene",3.75,2.75,12,17,13,18,NA
5,3,"scene",4.25,0,17,25,17,25,NA
7,4,"scene",4.5,2.75,5,22,13,30,NA
16,4,"scene",3.75,3,12,18,13,19,NA
15,3.5,"scene",4.75,2,13,17,15,19,NA
5,4,"scene",4.25,3,14,24,16,26,NA
5,1.5,"scene",3.5,-1,16,16,10,10,NA
17,5,"scene",4,3,15,22,21,28,NA
15,3.5,"scene",4.75,0.25,15,26,16,27,NA
8,5,"scene",5,1.75,16,20,17,21,NA
12,3,"scene",3.75,-0.25,15,19,14,18,NA
4,4,"scene",3.25,0.5,17,20,14,17,NA
14,4.5,"scene",3.5,2.75,17,26,17,26,NA
14,4,"scene",3.5,2.5,7,12,8,13,NA
1,3.5,"scene",3,2.5,19,12,13,6,NA
18,3.5,"scene",3.25,0.75,12,17,14,19,NA
3,3,"scene",5,1.25,18,24,14,20,NA
14,4,"scene",4.5,1.75,12,23,15,26,NA
11,3,"scene",3.5,1.5,14,15,12,13,NA
15,3.5,"scene",4,3,8,22,14,28,NA
18,4,"scene",4.75,1,9,20,16,27,NA
16,4.5,"scene",2.75,2.25,16,22,16,22,NA
13,4,"scene",3.75,2.5,17,25,13,21,NA
8,4,"scene",4.75,3,11,24,14,27,NA
14,4.5,"scene",2.75,2.5,14,20,15,21,NA
7,4,"scene",4,2.25,19,18,15,14,NA
1,3,"scene",3,3,13,20,15,22,NA
15,2,"scene",2.5,-0.25,15,19,11,15,NA
12,2.5,"scene",4,-0.25,16,20,16,20,NA
14,5,"scene",4,2.25,21,24,18,21,NA
15,5,"scene",5,3,11,21,18,28,NA
14,3,"scene",3.75,-1,14,21,15,22,NA
13,3,"scene",2.75,0.25,14,17,11,14,NA
14,3,"scene",3.25,1.5,15,20,11,16,NA
19,5,"scene",4.75,1.75,10,18,16,24,NA
18,2,"scene",1.75,-0.75,19,28,11,20,NA
13,3,"scene",3.75,-1.5,19,25,12,18,NA
16,5,"scene",4,3,12,18,13,19,NA
19,5,"scene",4,3,16,17,14,15,NA
14,3,"scene",3.25,-1,16,25,16,25,NA
18,5,"scene",4.25,3,15,18,14,17,NA
17,4,"scene",3.75,3,14,17,15,18,NA
11,2,"scene",2.75,-0.75,19,21,17,19,NA
14,2,"scene",3.25,0.5,13,24,13,24,NA
12,3.5,"scene",3,1.75,12,18,12,18,NA
10,5,"scene",5,3,16,21,18,23,NA
15,1,"scene",4,-1.25,20,20,14,14,NA
17,4,"scene",3.25,0,17,24,15,22,NA
5,3,"scene",4,1,13,18,8,13,NA
15,3,"scene",4,2.25,17,20,12,15,NA
19,4,"scene",3.5,2,18,25,14,21,NA
15,5,"scene",4.5,2,12,19,16,23,NA
14,2.5,"scene",2.5,-0.25,20,20,11,11,NA
15,4,"scene",4.5,3,10,14,11,15,NA
9,2.5,"scene",3.5,2.5,18,22,16,20,NA
7,2.5,"scene",4.75,3,7,24,17,34,NA
19,1,"scene",2,-3,19,22,11,14,NA
5,1,"scene",4.25,2.75,15,22,20,27,NA
8,5,"scene",3,3,16,18,16,18,NA
16,4,"scene",4.75,2.5,15,26,15,26,NA
15,4,"scene",3.5,1.75,12,16,12,16,NA
15,3.5,"scene",3.5,0.5,12,19,15,22,NA
13,3,"scene",4.25,2.25,14,24,19,29,NA
4,3,"scene",3.75,3,9,16,13,20,NA
4,1,"scene",3,-1,13,17,12,16,NA
12,2.5,"scene",3.5,-0.25,14,20,11,17,NA
11,3,"scene",4,0.25,6,15,11,20,NA
13,2.5,"scene",2.5,0.5,16,20,14,18,NA
3,2.5,"scene",4.25,-0.5,9,19,12,22,NA
1,4,"scene",4,2.5,15,21,9,15,NA
11,2.5,"scene",3.75,1.75,16,16,12,12,NA
1,4,"scene",5,3,10,19,7,16,NA
14,3,"scene",4.5,0.25,11,16,18,23,NA
3,2.5,"scene",2.5,1.25,16,18,16,18,NA
17,3.5,"scene",4,1,11,23,13,25,NA
7,5,"scene",4.25,2,12,18,7,13,NA
6,4,"scene",4.75,3,20,14,13,7,NA
17,4.5,"scene",2.5,2.5,12,20,17,25,NA
15,2.5,"scene",2.75,-0.75,18,23,16,21,NA
14,4,"scene",4,3,14,13,10,9,NA
12,2,"scene",3,1,17,13,14,10,NA
7,3,"scene",4,0.25,10,21,11,22,NA
6,3.5,"scene",3.75,1.75,10,15,14,19,NA
20,4,"scene",4.5,2.5,20,21,14,15,NA
14,4,"scene",4,-0.25,12,21,14,23,NA
16,2,"scene",3,-1.5,19,21,14,16,NA
17,2,"scene",2.75,-0.5,17,22,18,23,NA
19,2.5,"scene",3.75,-0.5,18,14,10,6,NA
15,2.5,"scene",2.75,0.25,19,21,12,14,NA
2,4,"scene",4.25,3,17,18,15,16,NA
7,3.5,"scene",3.5,2.25,15,24,15,24,NA
7,2,"scene",3,-1.25,10,21,8,19,NA
18,3.5,"scene",3.75,0,17,23,16,22,NA
17,3.5,"scene",3.75,1.5,13,17,13,17,NA
7,5,"scene",3,3,21,28,21,28,NA
6,3,"scene",4.25,-0.75,14,19,12,17,NA
12,5,"scene",5,2,6,19,17,30,NA
8,3,"scene",4,0.75,10,16,14,20,NA
16,3.5,"scene",4,1,14,18,15,19,NA
8,4,"scene",4.5,2,6,21,11,26,NA
20,4,"scene",4.5,-0.5,18,20,16,18,NA
14,4,"scene",4.25,1.5,18,16,15,13,NA
13,3,"scene",3.5,1,11,24,13,26,NA
14,3,"scene",4.25,-0.25,18,20,9,11,NA
13,2.5,"scene",3.75,-0.75,19,21,14,16,NA
6,3,"scene",4.75,-1,17,20,13,16,NA
17,4,"scene",4.25,2,18,25,20,27,NA
15,5,"scene",4,3,3,19,21,37,NA
6,2.5,"scene",4.5,2.5,17,20,17,20,NA
3,3.5,"scene",4.75,0,12,23,14,25,NA
10,2,"scene",3,-1,15,18,12,15,NA
3,5,"scene",4.5,2.75,7,19,14,26,NA
8,3.5,"scene",3.75,1.5,12,18,10,16,NA
11,4,"scene",3.75,0,16,24,11,19,NA
7,1,"scene",2.75,-0.75,19,20,11,12,NA
5,3,"scene",3,-0.5,14,22,14,22,NA
7,3.5,"scene",4.25,-0.75,19,19,13,13,NA
12,3,"scene",4.5,0.5,13,21,16,24,NA
8,2.5,"scene",3.75,2.75,14,16,15,17,NA
7,3,"scene",4.5,2.5,8,18,18,28,NA
15,3.5,"scene",4,-1,12,23,18,29,NA
9,2,"scene",3.25,0.5,19,25,12,18,NA
1,2.5,"scene",4.5,1.75,11,24,18,31,NA
10,2.5,"scene",4.75,-0.5,14,19,13,18,NA
17,3,"scene",1.25,0.25,10,26,20,36,NA
5,2,"scene",2.75,1.25,18,22,13,17,NA
18,4,"scene",4.75,2.25,18,24,19,25,NA
13,2,"scene",4,-0.25,15,24,12,21,NA
20,1,"scene",2.75,-2,20,28,13,21,NA
12,4,"scene",4.25,2,10,19,11,20,NA
5,4,"scene",4.5,1.5,15,19,14,18,NA
13,3,"scene",3.5,-0.75,15,25,11,21,NA
6,3.5,"scene",4.5,1.5,20,22,16,18,NA
5,3.5,"scene",4.75,0.25,16,27,18,29,NA
18,3,"scene",4.5,2.25,18,24,15,21,NA
12,4.5,"scene",4.75,3,12,21,12,21,NA
20,3.5,"scene",3.5,-0.75,17,24,11,18,NA
16,5,"scene",3,3,21,24,21,24,NA
12,2,"scene",4,-0.75,16,19,10,13,NA
10,3.5,"scene",4.25,1.25,13,20,19,26,NA
14,2,"scene",3.25,-1.5,16,20,11,15,NA
17,3.5,"scene",3,1,17,18,12,13,NA
13,3,"scene",4.25,0,15,16,13,14,NA
7,1.5,"scene",3,-1.5,18,23,17,22,NA
5,4,"scene",4.5,0.25,17,26,11,20,NA
7,4,"scene",3.75,2.5,19,25,17,23,NA
12,2,"scene",3,0.25,12,21,13,22,NA
14,2,"scene",3,-0.5,12,18,8,14,NA
18,2.5,"scene",3,-1,12,24,14,26,NA
12,3,"scene",4,-0.25,18,19,9,10,NA
9,2,"scene",3.75,-1.5,17,26,12,21,NA
4,3,"scene",3.5,2,13,24,11,22,NA
17,3,"scene",3,1.25,14,23,12,21,NA
3,5,"scene",5,3,8,15,11,18,NA
6,1.5,"scene",3.25,-0.75,18,22,10,14,NA
10,2.5,"scene",3.5,2.5,17,21,14,18,NA
9,2,"scene",3.5,2,15,18,13,16,NA
13,2,"scene",3.5,1,18,21,13,16,NA
14,3.5,"scene",3.25,0.5,16,16,11,11,NA
20,3.5,"scene",4,0.5,20,23,15,18,NA
3,2.5,"scene",3.25,3,13,24,15,26,NA
17,4,"scene",3,2.75,16,17,12,13,NA
14,4,"scene",3.75,1.25,13,23,13,23,NA
8,3,"scene",4.5,-0.25,17,27,19,29,NA
14,2.5,"scene",3.5,1,19,20,14,15,NA
4,3,"scene",4,1,12,14,10,12,NA
7,3,"scene",3,2.5,10,22,14,26,NA
17,4,"scene",4,1.75,17,20,14,17,NA
17,4,"scene",3,2.25,17,23,16,22,NA
12,1.5,"scene",2.5,0.75,18,20,9,11,NA
16,3.5,"scene",4.25,1.25,12,20,17,25,NA
11,2,"scene",2.5,3,15,20,14,19,NA
18,4.5,"scene",4.25,2.5,21,22,19,20,NA
8,4,"scene",4,3,18,18,17,17,NA
13,4,"scene",3.25,1.75,14,12,13,11,NA
11,3,"scene",3.5,1.25,15,25,20,30,NA
4,4,"scene",4.5,2.25,16,22,15,21,NA
17,4,"scene",3.25,3,17,20,15,18,NA
3,3.5,"scene",5,0.75,13,21,18,26,NA
17,2,"scene",3,-1.5,12,16,12,16,NA
13,5,"scene",4.75,2.5,20,18,17,15,NA
1,3,"scene",5,1.5,8,20,15,27,NA
13,3,"scene",3.25,-1.25,11,22,17,28,NA
14,2,"scene",4.25,1.5,18,16,17,15,NA
20,3,"scene",4,-1.5,13,28,15,30,NA
NA,4,"AR4CAD",4.25,NA,NA,NA,NA,NA,NA
NA,4,"AR4CAD",4.25,NA,NA,NA,NA,NA,NA
NA,3.5,"AR4CAD",3.5,NA,NA,NA,NA,NA,NA
NA,4,"AR4CAD",4.5,NA,NA,NA,NA,NA,NA
NA,4,"AR4CAD",4,NA,NA,NA,NA,NA,NA
NA,3.5,"AR4CAD",4.75,NA,NA,NA,NA,NA,NA
NA,3.5,"AR4CAD",4.25,NA,NA,NA,NA,NA,NA
NA,4,"AR4CAD",4.75,NA,NA,NA,NA,NA,NA
NA,3.5,"AR4CAD",4.75,NA,NA,NA,NA,NA,NA
NA,3,"AR4CAD",4.5,NA,NA,NA,NA,NA,NA
NA,3.5,"AR4CAD",3.75,NA,NA,NA,NA,NA,NA
NA,2,"AR4CAD",2.25,NA,NA,NA,NA,NA,NA
NA,5,"AR4CAD",5,NA,NA,NA,NA,NA,NA
NA,3,"AR4CAD",4,NA,NA,NA,NA,NA,NA
NA,4,"AR4CAD",4,NA,NA,NA,NA,NA,NA
NA,3,"AR4CAD",4.5,NA,NA,NA,NA,NA,NA
NA,3.5,"AR4CAD",3.75,NA,NA,NA,NA,NA,NA
NA,4,"AR4CAD",3.75,NA,NA,NA,NA,NA,NA
NA,1.5,"AR4CAD",1,NA,NA,NA,NA,NA,NA
NA,2.5,"AR4CAD",3.5,NA,NA,NA,NA,NA,NA
NA,3.5,"AR4CAD",1.25,NA,NA,NA,NA,NA,NA
NA,2,"AR4CAD",1.75,NA,NA,NA,NA,NA,NA
NA,3.5,"AR4CAD",3.25,NA,NA,NA,NA,NA,NA
NA,3.5,"AR4CAD",4.25,NA,NA,NA,NA,NA,NA
NA,3,"AR4CAD",4,NA,NA,NA,NA,NA,NA
NA,3,"AR4CAD",4.75,NA,NA,NA,NA,NA,NA
NA,4,"AR4CAD",4.75,NA,NA,NA,NA,NA,NA
NA,3,"AR4CAD",4.25,NA,NA,NA,NA,NA,NA
NA,4,"AR4CAD",3.25,NA,NA,NA,NA,NA,NA
NA,5,"AR4CAD",4.75,NA,NA,NA,NA,NA,NA
NA,2.5,"AR4CAD",1.5,NA,NA,NA,NA,NA,NA
NA,3,"AR4CAD",2.75,NA,NA,NA,NA,NA,NA
NA,3,"AR4CAD",3.5,NA,NA,NA,NA,NA,NA
NA,2,"AR4CAD",2.25,NA,NA,NA,NA,NA,NA
NA,3.5,"AR4CAD",3,NA,NA,NA,NA,NA,NA
NA,1,"AR4CAD",2,NA,NA,NA,NA,NA,NA
NA,3.5,"AR4CAD",4.75,NA,NA,NA,NA,NA,NA
NA,4,"AR4CAD",4.25,NA,NA,NA,NA,NA,NA
NA,2.5,"AR4CAD",2.75,NA,NA,NA,NA,NA,NA
NA,3.5,"AR4CAD",2,NA,NA,NA,NA,NA,NA
NA,2,"AR4CAD",2,NA,NA,NA,NA,NA,NA
NA,3.5,"AR4CAD",3.5,NA,NA,NA,NA,NA,NA
NA,1.5,"AR4CAD",3.25,NA,NA,NA,NA,NA,NA
NA,2,"AR4CAD",2,NA,NA,NA,NA,NA,NA
NA,3.5,"AR4CAD",4,NA,NA,NA,NA,NA,NA
NA,2,"AR4CAD",2.25,NA,NA,NA,NA,NA,NA
NA,4,"AR4CAD",2.5,NA,NA,NA,NA,NA,NA
NA,4,"AR4CAD",3.75,NA,NA,NA,NA,NA,NA
NA,2.5,"AR4CAD",1.25,NA,NA,NA,NA,NA,NA
NA,3,"AR4CAD",2.5,NA,NA,NA,NA,NA,NA
NA,2,"AR4CAD",2.75,NA,NA,NA,NA,NA,NA
NA,4,"AR4CAD",4,NA,NA,NA,NA,NA,NA
NA,4,"AR4CAD",4.5,NA,NA,NA,NA,NA,NA
NA,4,"AR4CAD",4.25,NA,NA,NA,NA,NA,NA
NA,4,"AR4CAD",4.5,NA,NA,NA,NA,NA,NA
NA,4,"AR4CAD",3.75,NA,NA,NA,NA,NA,NA
NA,3,"AR4CAD",2.75,NA,NA,NA,NA,NA,NA
NA,2,"AR4CAD",3,NA,NA,NA,NA,NA,NA
NA,3.5,"AR4CAD",3.25,NA,NA,NA,NA,NA,NA
NA,3,"AR4CAD",4.75,NA,NA,NA,NA,NA,NA
NA,3,"AR4CAD",4.25,NA,NA,NA,NA,NA,NA
NA,4,"AR4CAD",4.5,NA,NA,NA,NA,NA,NA
NA,3,"AR4CAD",3.25,NA,NA,NA,NA,NA,NA
NA,4,"AR4CAD",4.25,NA,NA,NA,NA,NA,NA
NA,3.5,"AR4CAD",4,NA,NA,NA,NA,NA,NA
NA,3.5,"AR4CAD",3.25,NA,NA,NA,NA,NA,NA
NA,3,"AR4CAD",4.25,NA,NA,NA,NA,NA,NA
NA,2.5,"AR4CAD",3.25,NA,NA,NA,NA,NA,NA
15,4,"critical",3.75,2.25,NA,NA,NA,NA,NA
12,3.5,"critical",3.75,1,NA,NA,NA,NA,NA
8,2,"critical",3.5,-1.25,NA,NA,NA,NA,NA
4,4,"critical",4.25,0.75,NA,NA,NA,NA,NA
3,5,"critical",3.75,-1,NA,NA,NA,NA,NA
13,3,"critical",3.25,1.75,NA,NA,NA,NA,NA
16,4.5,"critical",2.75,1.75,NA,NA,NA,NA,NA
20,3,"critical",3.75,-1,NA,NA,NA,NA,NA
11,4.5,"critical",3.5,2.5,NA,NA,NA,NA,NA
3,4,"critical",5,3,NA,NA,NA,NA,NA
12,2.5,"critical",2.75,0.75,NA,NA,NA,NA,NA
1,4,"critical",4.5,3,NA,NA,NA,NA,NA
17,3.5,"critical",4,0,NA,NA,NA,NA,NA
11,4,"critical",3.5,2,NA,NA,NA,NA,NA
7,4,"critical",4,1.25,NA,NA,NA,NA,NA
8,3,"critical",4,-1,NA,NA,NA,NA,NA
16,4,"critical",4.5,2,NA,NA,NA,NA,NA
1,5,"critical",4.75,3,NA,NA,NA,NA,NA
9,4,"critical",3.25,-0.25,NA,NA,NA,NA,NA
16,5,"critical",3.75,3,NA,NA,NA,NA,NA
1,1.5,"critical",2.25,2.25,NA,NA,NA,NA,NA
14,4,"critical",3.5,1.5,NA,NA,NA,NA,NA
15,3,"critical",2.75,-0.5,NA,NA,NA,NA,NA
8,2.5,"critical",3.75,-1.5,NA,NA,NA,NA,NA
2,2.5,"critical",3.5,0,NA,NA,NA,NA,NA
5,4,"critical",2.5,-3,NA,NA,NA,NA,NA
11,3,"critical",3.25,2,NA,NA,NA,NA,NA
20,3,"critical",3.75,1,NA,NA,NA,NA,NA
11,4.5,"critical",3.75,3,NA,NA,NA,NA,NA
5,3,"critical",4.5,3,NA,NA,NA,NA,NA
15,2,"critical",2.75,-1.5,NA,NA,NA,NA,NA
1,5,"critical",5,3,NA,NA,NA,NA,NA
9,4,"critical",2.5,1.25,NA,NA,NA,NA,NA
15,3.5,"critical",3.25,2,NA,NA,NA,NA,NA
18,3,"critical",2.5,-1.5,NA,NA,NA,NA,NA
7,4,"critical",3.75,1.75,NA,NA,NA,NA,NA
7,2.5,"critical",4.75,0,NA,NA,NA,NA,NA
14,5,"critical",5,3,NA,NA,NA,NA,NA
1,5,"critical",4.75,2.25,NA,NA,NA,NA,NA
5,5,"critical",4.25,2.5,NA,NA,NA,NA,NA
20,5,"critical",3.5,3,NA,NA,NA,NA,NA
2,1,"critical",2,0.5,NA,NA,NA,NA,NA
16,3.5,"critical",3.25,2.5,NA,NA,NA,NA,NA
16,2.5,"critical",2.5,-2.5,NA,NA,NA,NA,NA
8,2,"critical",3.5,-1.75,NA,NA,NA,NA,NA
1,2.5,"critical",3.75,-0.5,NA,NA,NA,NA,NA
4,4,"critical",3.25,0,NA,NA,NA,NA,NA
14,4,"critical",3.5,2,NA,NA,NA,NA,NA
17,3.5,"critical",2.5,2.25,NA,NA,NA,NA,NA
15,4,"critical",3.5,3,NA,NA,NA,NA,NA
11,4.5,"critical",4,2.5,NA,NA,NA,NA,NA
3,4,"critical",5,3,NA,NA,NA,NA,NA
5,3,"critical",3.5,2.25,NA,NA,NA,NA,NA
2,5,"critical",5,3,NA,NA,NA,NA,NA
15,3.5,"critical",3.25,2.25,NA,NA,NA,NA,NA
8,4,"critical",3.5,1.75,NA,NA,NA,NA,NA
8,3,"critical",4,-0.25,NA,NA,NA,NA,NA
14,5,"critical",5,3,NA,NA,NA,NA,NA
1,5,"critical",5,3,NA,NA,NA,NA,NA
7,3.5,"critical",3.75,0.25,NA,NA,NA,NA,NA
16,3.5,"critical",3.25,1.75,NA,NA,NA,NA,NA
2,3,"critical",3.25,0.75,NA,NA,NA,NA,NA
10,4,"critical",3.25,-1.5,NA,NA,NA,NA,NA
7,4,"critical",4,3,NA,NA,NA,NA,NA
5,4,"critical",4,2,NA,NA,NA,NA,NA
13,2,"critical",3.25,-0.25,NA,NA,NA,NA,NA
10,3,"critical",4.25,0.75,NA,NA,NA,NA,NA
7,3.5,"critical",3.75,0,NA,NA,NA,NA,NA
5,2.5,"critical",3,-1,NA,NA,NA,NA,NA
1,3,"critical",3.5,1,NA,NA,NA,NA,NA
5,5,"critical",4,1,NA,NA,NA,NA,NA
17,4,"critical",3,3,NA,NA,NA,NA,NA
15,3,"critical",2.5,-0.75,NA,NA,NA,NA,NA
4,4,"critical",3.75,-0.25,NA,NA,NA,NA,NA
6,3,"critical",3.25,-0.5,NA,NA,NA,NA,NA
5,2.5,"critical",4,-0.25,NA,NA,NA,NA,NA
17,4.5,"critical",2.75,2.75,NA,NA,NA,NA,NA
15,3,"critical",2.25,-1,NA,NA,NA,NA,NA
2,5,"critical",4,2.25,NA,NA,NA,NA,NA
3,3.5,"critical",4.5,2.5,NA,NA,NA,NA,NA
17,4,"critical",4.25,1.75,NA,NA,NA,NA,NA
8,4,"critical",3.75,1.25,NA,NA,NA,NA,NA
15,3,"critical",4,-0.75,NA,NA,NA,NA,NA
15,2,"critical",3,-1.25,NA,NA,NA,NA,NA
13,3,"critical",3.25,1,NA,NA,NA,NA,NA
13,3.5,"critical",3.75,-1.25,NA,NA,NA,NA,NA
11,3.5,"critical",5,0.5,NA,NA,NA,NA,NA
10,4,"critical",3,-0.75,NA,NA,NA,NA,NA
9,4,"critical",3.25,3,NA,NA,NA,NA,NA
5,4,"critical",3.75,2,NA,NA,NA,NA,NA
10,2.5,"critical",2.75,0.5,NA,NA,NA,NA,NA
16,3,"critical",3.75,-0.75,NA,NA,NA,NA,NA
7,3,"critical",3.75,-0.25,NA,NA,NA,NA,NA
5,3,"critical",3.5,0.25,NA,NA,NA,NA,NA
2,2,"critical",1.25,-1,NA,NA,NA,NA,NA
11,3.5,"critical",3.25,-1.5,NA,NA,NA,NA,NA
20,4.5,"critical",2.75,3,NA,NA,NA,NA,NA
16,2,"critical",1.75,-1.5,NA,NA,NA,NA,NA
2,4,"critical",4.25,0.75,NA,NA,NA,NA,NA
7,3,"critical",2.75,-1,NA,NA,NA,NA,NA
6,2.5,"critical",3.75,-1.25,NA,NA,NA,NA,NA
16,4.5,"critical",3.5,2.75,NA,NA,NA,NA,NA
8,3,"critical",3.75,0,NA,NA,NA,NA,NA
3,5,"critical",4.75,2,NA,NA,NA,NA,NA
6,3,"critical",3,0,NA,NA,NA,NA,NA
16,4,"critical",4,2,NA,NA,NA,NA,NA
9,2.5,"critical",2.25,-0.75,NA,NA,NA,NA,NA
12,4,"critical",4.25,1,NA,NA,NA,NA,NA
11,2,"critical",4.75,0,NA,NA,NA,NA,NA
12,3,"critical",3.25,0,NA,NA,NA,NA,NA
15,4,"critical",2.75,-1.75,NA,NA,NA,NA,NA
7,4,"critical",5,1.75,NA,NA,NA,NA,NA
6,4,"critical",3.75,3,NA,NA,NA,NA,NA
6,4,"critical",4,2,NA,NA,NA,NA,NA
12,3.5,"critical",2.5,0,NA,NA,NA,NA,NA
12,2.5,"critical",3.75,1.25,NA,NA,NA,NA,NA
7,4,"critical",4,0,NA,NA,NA,NA,NA
4,4,"critical",3.75,2,NA,NA,NA,NA,NA
1,3,"critical",3.5,0.75,NA,NA,NA,NA,NA
1,3,"critical",1,-3,NA,NA,NA,NA,NA
5,5,"critical",2.5,3,NA,NA,NA,NA,NA
13,3.5,"critical",4,1.75,NA,NA,NA,NA,NA
3,4,"critical",3.75,1.5,NA,NA,NA,NA,NA
5,3.5,"critical",3.25,-0.25,NA,NA,NA,NA,NA
5,2.5,"critical",3.5,-0.75,NA,NA,NA,NA,NA
12,3.5,"critical",3.25,1.75,NA,NA,NA,NA,NA
9,4,"critical",3.25,-0.75,NA,NA,NA,NA,NA
3,5,"critical",5,3,NA,NA,NA,NA,NA
4,4.5,"critical",3.5,2.5,NA,NA,NA,NA,NA
16,4,"critical",4,2,NA,NA,NA,NA,NA
8,3.5,"critical",3.5,1.75,NA,NA,NA,NA,NA
13,3,"critical",3.75,-0.75,NA,NA,NA,NA,NA
20,1,"critical",2,-2,NA,NA,NA,NA,NA
12,3,"critical",3.5,1,NA,NA,NA,NA,NA
14,3,"critical",2.5,-1.25,NA,NA,NA,NA,NA
1,5,"critical",5,3,NA,NA,NA,NA,NA
20,3,"critical",3.75,-0.75,NA,NA,NA,NA,NA
4,4,"critical",4.5,2,NA,NA,NA,NA,NA
20,1.5,"critical",1.5,-1.75,NA,NA,NA,NA,NA
15,4,"critical",3,2,NA,NA,NA,NA,NA
6,4,"critical",3.75,1.5,NA,NA,NA,NA,NA
10,1,"critical",2,-1.5,NA,NA,NA,NA,NA
1,2.5,"critical",3.75,-1,NA,NA,NA,NA,NA
6,3,"critical",3.75,-0.5,NA,NA,NA,NA,NA
10,3,"critical",3.5,1,NA,NA,NA,NA,NA
8,4,"critical",4,2,NA,NA,NA,NA,NA
20,1,"critical",2.5,-3,NA,NA,NA,NA,NA
9,3,"critical",2.5,1.75,NA,NA,NA,NA,NA
15,4,"critical",3.25,3,NA,NA,NA,NA,NA
1,3.5,"critical",2.5,-0.75,NA,NA,NA,NA,NA
8,2.5,"critical",3.25,-2.25,NA,NA,NA,NA,NA
19,4,"critical",3,0,NA,NA,NA,NA,NA
8,2,"critical",2.5,-0.75,NA,NA,NA,NA,NA
7,4,"critical",3.25,0,NA,NA,NA,NA,NA
12,2.5,"critical",2.75,-1,NA,NA,NA,NA,NA
14,3.5,"critical",2.5,-1,NA,NA,NA,NA,NA
2,4,"critical",4.75,0.25,NA,NA,NA,NA,NA
20,2.5,"critical",3.25,-0.5,NA,NA,NA,NA,NA
4,4,"critical",4.5,2,NA,NA,NA,NA,NA
16,4,"critical",3.75,-1.25,NA,NA,NA,NA,NA
13,4,"critical",3.25,3,NA,NA,NA,NA,NA
6,3,"critical",3,2,NA,NA,NA,NA,NA
20,1,"critical",2.25,-3,NA,NA,NA,NA,NA
1,2,"critical",3.5,-1.25,NA,NA,NA,NA,NA
7,3,"critical",3.75,-1.25,NA,NA,NA,NA,NA
1,1,"critical",1,-3,NA,NA,NA,NA,NA
8,4,"critical",4,2,NA,NA,NA,NA,NA
20,1,"critical",1.75,-3,NA,NA,NA,NA,NA
14,4,"critical",4,2,NA,NA,NA,NA,NA
15,4,"critical",3.25,3,NA,NA,NA,NA,NA
1,5,"critical",5,2.5,NA,NA,NA,NA,NA
8,2.5,"critical",2.75,-2.25,NA,NA,NA,NA,NA
19,3,"critical",3,3,NA,NA,NA,NA,NA
8,3,"critical",2.75,-1.25,NA,NA,NA,NA,NA
2,3,"critical",4,-1.25,NA,NA,NA,NA,NA
7,3,"critical",3.25,0.5,NA,NA,NA,NA,NA
11,3.5,"critical",2.25,-0.75,NA,NA,NA,NA,NA
3,5,"critical",4.5,2,NA,NA,NA,NA,NA
20,2,"critical",3,-0.5,NA,NA,NA,NA,NA
4,3,"critical",4,2,NA,NA,NA,NA,NA
7,5,"critical",3.5,1,NA,NA,NA,NA,NA
17,5,"critical",3,3,NA,NA,NA,NA,NA
6,4,"critical",3,2,NA,NA,NA,NA,NA
20,1,"critical",1.5,-3,NA,NA,NA,NA,NA
1,2,"critical",3.5,-0.5,NA,NA,NA,NA,NA
16,2.5,"critical",3,-1,NA,NA,NA,NA,NA
1,2,"critical",3.5,0,NA,NA,NA,NA,NA
8,4,"critical",4,2,NA,NA,NA,NA,NA
20,1,"critical",2,-3,NA,NA,NA,NA,NA
12,3.5,"critical",3.75,1.75,NA,NA,NA,NA,NA
15,4,"critical",3.25,3,NA,NA,NA,NA,NA
1,4,"critical",5,0,NA,NA,NA,NA,NA
8,2.5,"critical",3,-2,NA,NA,NA,NA,NA
19,2,"critical",3,-1,NA,NA,NA,NA,NA
8,2,"critical",2.5,-1,NA,NA,NA,NA,NA
3,4,"critical",3.75,2,NA,NA,NA,NA,NA
6,3,"critical",3,1.25,NA,NA,NA,NA,NA
15,3.5,"critical",2.5,-1.75,NA,NA,NA,NA,NA
1,5,"critical",5,3,NA,NA,NA,NA,NA
7,1.5,"critical",3.5,2,NA,NA,NA,NA,NA
4,4,"critical",4,3,NA,NA,NA,NA,NA
8,4,"critical",4,3,NA,NA,NA,NA,NA
6,3.5,"critical",4,2.25,NA,NA,NA,NA,NA
15,4,"critical",3.5,3,NA,NA,NA,NA,NA
16,5,"critical",4.25,3,NA,NA,NA,NA,NA
1,4.5,"critical",4.5,3,NA,NA,NA,NA,NA
4,5,"critical",5,3,NA,NA,NA,NA,NA
15,4,"critical",4.75,0.5,NA,NA,NA,NA,NA
18,4,"critical",3,-0.5,NA,NA,NA,NA,NA
1,5,"critical",4.5,1,NA,NA,NA,NA,NA
8,3,"critical",3.75,-0.25,NA,NA,NA,NA,NA
5,3.5,"critical",3.75,2.5,NA,NA,NA,NA,NA
5,4,"critical",4.75,1.75,NA,NA,NA,NA,NA
16,4,"critical",4.25,2.25,NA,NA,NA,NA,NA
1,4,"critical",5,1.75,NA,NA,NA,NA,NA
7,4,"critical",3.25,-0.75,NA,NA,NA,NA,NA
5,4,"critical",4,2.25,NA,NA,NA,NA,NA
4,2.5,"critical",3.5,-1,NA,NA,NA,NA,NA
8,4,"critical",3.25,3,NA,NA,NA,NA,NA
2,3,"critical",3.25,1,NA,NA,NA,NA,NA
7,4,"critical",4,2,NA,NA,NA,NA,NA
5,5,"critical",5,3,NA,NA,NA,NA,NA
8,4,"critical",4,3,NA,NA,NA,NA,NA
14,3.5,"critical",3.5,2.5,NA,NA,NA,NA,NA
15,4,"critical",3.5,3,NA,NA,NA,NA,NA
15,4,"critical",3.75,2,NA,NA,NA,NA,NA
2,4.5,"critical",4.5,2.5,NA,NA,NA,NA,NA
3,4,"critical",4.75,2.75,NA,NA,NA,NA,NA
16,4,"critical",4.75,3,NA,NA,NA,NA,NA
18,4,"critical",3,0.5,NA,NA,NA,NA,NA
1,5,"critical",5,0,NA,NA,NA,NA,NA
8,3,"critical",4.25,0.5,NA,NA,NA,NA,NA
4,3.5,"critical",3.75,2.5,NA,NA,NA,NA,NA
6,4,"critical",5,2,NA,NA,NA,NA,NA
16,4,"critical",4.25,2,NA,NA,NA,NA,NA
1,2.5,"critical",2,2,NA,NA,NA,NA,NA
6,4,"critical",3.75,-0.5,NA,NA,NA,NA,NA
4,4,"critical",5,2.75,NA,NA,NA,NA,NA
3,2.5,"critical",3.5,-1.5,NA,NA,NA,NA,NA
10,4,"critical",3,3,NA,NA,NA,NA,NA
2,4,"critical",3.25,3,NA,NA,NA,NA,NA
6,4,"critical",4,2,NA,NA,NA,NA,NA
6,4,"critical",3.5,3,NA,NA,NA,NA,NA
8,4,"critical",4,3,NA,NA,NA,NA,NA
13,2,"critical",3.5,2.25,NA,NA,NA,NA,NA
15,4,"critical",3.5,3,NA,NA,NA,NA,NA
18,5,"critical",5,3,NA,NA,NA,NA,NA
3,4.5,"critical",2.75,-2.5,NA,NA,NA,NA,NA
5,5,"critical",5,3,NA,NA,NA,NA,NA
15,4,"critical",4.75,1.5,NA,NA,NA,NA,NA
18,3.5,"critical",3,3,NA,NA,NA,NA,NA
1,2.5,"critical",2.5,1,NA,NA,NA,NA,NA
7,3,"critical",4,0.5,NA,NA,NA,NA,NA
5,2.5,"critical",3,2,NA,NA,NA,NA,NA
6,4,"critical",4.25,2,NA,NA,NA,NA,NA
16,4,"critical",4.25,2,NA,NA,NA,NA,NA
1,5,"critical",5,3,NA,NA,NA,NA,NA
5,4,"critical",3.5,-0.5,NA,NA,NA,NA,NA
4,4,"critical",4.75,3,NA,NA,NA,NA,NA
4,4,"critical",3,-0.75,NA,NA,NA,NA,NA
8,4,"critical",3,3,NA,NA,NA,NA,NA
1,4,"critical",3.75,3,NA,NA,NA,NA,NA
8,4,"critical",4,3,NA,NA,NA,NA,NA
4,3.5,"critical",4,0.5,NA,NA,NA,NA,NA
18,5,"critical",5,3,NA,NA,NA,NA,NA
4,5,"critical",3.75,3,NA,NA,NA,NA,NA
17,4,"critical",3.75,3,NA,NA,NA,NA,NA
5,4,"critical",3,2.75,NA,NA,NA,NA,NA
8,3,"critical",4.25,2.5,NA,NA,NA,NA,NA
9,3,"critical",3.5,0.25,NA,NA,NA,NA,NA
1,5,"critical",4.25,0,NA,NA,NA,NA,NA
1,5,"critical",5,1,NA,NA,NA,NA,NA
13,3,"critical",4,3,NA,NA,NA,NA,NA
6,4,"critical",3.5,-0.75,NA,NA,NA,NA,NA
7,4,"critical",3.75,1,NA,NA,NA,NA,NA
13,4,"critical",4,2,NA,NA,NA,NA,NA
1,3,"critical",3.25,1.5,NA,NA,NA,NA,NA
12,3.5,"critical",3,2,NA,NA,NA,NA,NA
12,2,"critical",3.25,-0.75,NA,NA,NA,NA,NA
4,3,"critical",3.75,2.5,NA,NA,NA,NA,NA
16,4,"critical",4,-0.25,NA,NA,NA,NA,NA
1,2.5,"critical",4,2.25,NA,NA,NA,NA,NA
10,5,"critical",5,3,NA,NA,NA,NA,NA
9,4,"critical",4,3,NA,NA,NA,NA,NA
4,4,"critical",4,0.25,NA,NA,NA,NA,NA
19,5,"critical",5,3,NA,NA,NA,NA,NA
5,5,"critical",3.75,3,NA,NA,NA,NA,NA
16,4,"critical",3.75,3,NA,NA,NA,NA,NA
3,4,"critical",4.25,3,NA,NA,NA,NA,NA
8,3.5,"critical",4.5,2.75,NA,NA,NA,NA,NA
9,3,"critical",3.5,0,NA,NA,NA,NA,NA
1,5,"critical",5,2,NA,NA,NA,NA,NA
11,3,"critical",3,3,NA,NA,NA,NA,NA
5,4,"critical",3.5,-0.5,NA,NA,NA,NA,NA
2,4.5,"critical",3.25,2.25,NA,NA,NA,NA,NA
13,4,"critical",4.25,2.25,NA,NA,NA,NA,NA
1,3,"critical",2.5,-0.5,NA,NA,NA,NA,NA
13,3.5,"critical",2.5,2.5,NA,NA,NA,NA,NA
14,2,"critical",2.75,-0.75,NA,NA,NA,NA,NA
5,3,"critical",3.5,2.5,NA,NA,NA,NA,NA
15,3,"critical",4,-2,NA,NA,NA,NA,NA
1,3,"critical",4.25,2,NA,NA,NA,NA,NA
10,5,"critical",5,3,NA,NA,NA,NA,NA
9,4,"critical",4,3,NA,NA,NA,NA,NA
5,3.5,"critical",4.5,1.75,NA,NA,NA,NA,NA
5,5,"critical",5,3,NA,NA,NA,NA,NA
20,1,"critical",1.75,-3,NA,NA,NA,NA,NA
4,5,"critical",4,3,NA,NA,NA,NA,NA
15,4,"critical",3.5,3,NA,NA,NA,NA,NA
4,3.5,"critical",3.25,3,NA,NA,NA,NA,NA
7,3,"critical",4.5,3,NA,NA,NA,NA,NA
7,3,"critical",3.25,1,NA,NA,NA,NA,NA
1,5,"critical",5,3,NA,NA,NA,NA,NA
1,5,"critical",5,2,NA,NA,NA,NA,NA
11,3,"critical",3.75,3,NA,NA,NA,NA,NA
4,4,"critical",3.5,-0.25,NA,NA,NA,NA,NA
4,4,"critical",3.75,1,NA,NA,NA,NA,NA
14,3.5,"critical",4.5,2.5,NA,NA,NA,NA,NA
10,3.5,"critical",3,2.5,NA,NA,NA,NA,NA
14,2,"critical",3.25,-0.75,NA,NA,NA,NA,NA
4,3,"critical",4,2.5,NA,NA,NA,NA,NA
18,4,"critical",4.25,0.5,NA,NA,NA,NA,NA
1,3,"critical",5,2,NA,NA,NA,NA,NA
10,5,"critical",5,3,NA,NA,NA,NA,NA
9,4,"critical",4,3,NA,NA,NA,NA,NA
14,2,"critical",2,-2,NA,NA,NA,NA,NA
7,2,"critical",2.5,-2,NA,NA,NA,NA,NA
9,2.5,"critical",5,-0.5,NA,NA,NA,NA,NA
15,4,"critical",3.75,3,NA,NA,NA,NA,NA
1,5,"critical",5,3,NA,NA,NA,NA,NA
1,5,"critical",5,3,NA,NA,NA,NA,NA
8,4,"critical",4,-1,NA,NA,NA,NA,NA
14,4,"critical",4,2,NA,NA,NA,NA,NA
3,5,"critical",3.75,1.25,NA,NA,NA,NA,NA
17,4,"critical",3.25,3,NA,NA,NA,NA,NA
11,3,"critical",4.25,-1.5,NA,NA,NA,NA,NA
4,3,"critical",3.25,3,NA,NA,NA,NA,NA
4,3.5,"critical",3.25,1.5,NA,NA,NA,NA,NA
12,2.5,"critical",3.5,1.25,NA,NA,NA,NA,NA
4,4,"critical",4.75,0.5,NA,NA,NA,NA,NA
8,4,"critical",3.75,3,NA,NA,NA,NA,NA
15,2,"critical",2.5,-0.25,NA,NA,NA,NA,NA
14,4,"critical",3.25,2,NA,NA,NA,NA,NA
5,4,"critical",3.25,-1,NA,NA,NA,NA,NA
4,2,"critical",4,2.25,NA,NA,NA,NA,NA
9,4,"critical",4,3,NA,NA,NA,NA,NA
15,2,"critical",1.75,-2,NA,NA,NA,NA,NA
5,3,"critical",3.5,-1,NA,NA,NA,NA,NA
8,2.5,"critical",4.5,-0.75,NA,NA,NA,NA,NA
17,4,"critical",3.5,3,NA,NA,NA,NA,NA
1,5,"critical",5,3,NA,NA,NA,NA,NA
1,1,"critical",3.5,-1.25,NA,NA,NA,NA,NA
6,4,"critical",4,-0.5,NA,NA,NA,NA,NA
13,4,"critical",4,2,NA,NA,NA,NA,NA
2,5,"critical",4,2.75,NA,NA,NA,NA,NA
15,3,"critical",2.5,1.5,NA,NA,NA,NA,NA
10,3,"critical",4.25,-1.5,NA,NA,NA,NA,NA
4,4,"critical",3.5,2,NA,NA,NA,NA,NA
4,3.5,"critical",3.25,2.5,NA,NA,NA,NA,NA
14,2.5,"critical",2.75,-0.25,NA,NA,NA,NA,NA
1,4.5,"critical",4.75,2.25,NA,NA,NA,NA,NA
11,4,"critical",5,3,NA,NA,NA,NA,NA
16,2,"critical",2,-0.5,NA,NA,NA,NA,NA
10,3,"critical",3,1,NA,NA,NA,NA,NA
7,4,"critical",2.75,-2.25,NA,NA,NA,NA,NA
4,2,"critical",3.75,1.5,NA,NA,NA,NA,NA
9,4,"critical",4,3,NA,NA,NA,NA,NA
14,2,"critical",1.75,-1.25,NA,NA,NA,NA,NA
8,2,"critical",3,-1,NA,NA,NA,NA,NA
8,2.5,"critical",4,-0.25,NA,NA,NA,NA,NA
15,4,"critical",3.75,3,NA,NA,NA,NA,NA
1,5,"critical",5,3,NA,NA,NA,NA,NA
1,5,"critical",5,2,NA,NA,NA,NA,NA
6,4,"critical",4,-0.5,NA,NA,NA,NA,NA
14,4,"critical",4,2.25,NA,NA,NA,NA,NA
3,4.5,"critical",3.75,1.75,NA,NA,NA,NA,NA
15,3,"critical",2.75,1,NA,NA,NA,NA,NA
8,3,"critical",4.75,-0.25,NA,NA,NA,NA,NA
1,4,"critical",4.5,3,NA,NA,NA,NA,NA
4,4,"critical",3.25,2,NA,NA,NA,NA,NA
13,4,"critical",3,-0.5,NA,NA,NA,NA,NA
3,4,"critical",4.5,2,NA,NA,NA,NA,NA
7,4,"critical",4,3,NA,NA,NA,NA,NA
16,4,"critical",4,2,NA,NA,NA,NA,NA
11,3,"critical",3,-0.25,NA,NA,NA,NA,NA
15,5,"critical",2.5,-1,NA,NA,NA,NA,NA
3,2,"critical",3.75,0.5,NA,NA,NA,NA,NA
14,2.5,"critical",3,-0.75,NA,NA,NA,NA,NA
9,4,"critical",4,3,NA,NA,NA,NA,NA
6,3,"critical",3.75,1.5,NA,NA,NA,NA,NA
5,5,"critical",4.25,3,NA,NA,NA,NA,NA
15,4,"critical",3.75,3,NA,NA,NA,NA,NA
5,2,"critical",3.5,-3,NA,NA,NA,NA,NA
1,5,"critical",5,3,NA,NA,NA,NA,NA
9,2.5,"critical",4.25,-0.25,NA,NA,NA,NA,NA
1,2,"critical",3.25,3,NA,NA,NA,NA,NA
16,3,"critical",3.25,0,NA,NA,NA,NA,NA
1,5,"critical",5,0,NA,NA,NA,NA,NA
4,4,"critical",4,0.25,NA,NA,NA,NA,NA
10,3,"critical",3,3,NA,NA,NA,NA,NA
2,5,"critical",3.5,2.75,NA,NA,NA,NA,NA
14,2,"critical",2,-2,NA,NA,NA,NA,NA
12,2,"critical",4,-1,NA,NA,NA,NA,NA
5,2,"critical",4.5,-1,NA,NA,NA,NA,NA
7,4,"critical",4.25,1.75,NA,NA,NA,NA,NA
13,2,"critical",2.25,-1.75,NA,NA,NA,NA,NA
10,3,"critical",3.5,-0.5,NA,NA,NA,NA,NA
10,2,"critical",2.5,-1,NA,NA,NA,NA,NA
8,3.5,"critical",2.75,0.5,NA,NA,NA,NA,NA
9,4,"critical",4,3,NA,NA,NA,NA,NA
5,3,"critical",3.25,0,NA,NA,NA,NA,NA
4,5,"critical",4.5,3,NA,NA,NA,NA,NA
15,4,"critical",3.5,3,NA,NA,NA,NA,NA
20,1,"critical",1.75,-3,NA,NA,NA,NA,NA
1,5,"critical",4,0.5,NA,NA,NA,NA,NA
20,1,"critical",1.25,-3,NA,NA,NA,NA,NA
9,2.5,"critical",4,0,NA,NA,NA,NA,NA
1,4,"critical",3.25,3,NA,NA,NA,NA,NA
15,2,"critical",3.25,-1,NA,NA,NA,NA,NA
1,5,"critical",5,0,NA,NA,NA,NA,NA
4,4,"critical",4,0.5,NA,NA,NA,NA,NA
12,3,"critical",3,3,NA,NA,NA,NA,NA
3,4.5,"critical",3.5,2.5,NA,NA,NA,NA,NA
13,2,"critical",2,-2,NA,NA,NA,NA,NA
15,1.5,"critical",3,-2.25,NA,NA,NA,NA,NA
7,2.5,"critical",3.75,-0.25,NA,NA,NA,NA,NA
9,4,"critical",4.25,0.75,NA,NA,NA,NA,NA
9,2.5,"critical",2.25,-0.75,NA,NA,NA,NA,NA
10,3,"critical",3.5,0.25,NA,NA,NA,NA,NA
10,1.5,"critical",3.75,-1.25,NA,NA,NA,NA,NA
6,4.5,"critical",3.5,2.25,NA,NA,NA,NA,NA
9,4,"critical",4,3,NA,NA,NA,NA,NA
8,2,"critical",2.5,-2.5,NA,NA,NA,NA,NA
5,4.5,"critical",4.5,3,NA,NA,NA,NA,NA
15,4,"critical",3.75,3,NA,NA,NA,NA,NA
10,2,"critical",3.25,-0.75,NA,NA,NA,NA,NA
5,4,"critical",2.75,1,NA,NA,NA,NA,NA
7,2.5,"critical",4.25,0.25,NA,NA,NA,NA,NA
1,3,"critical",3.5,3,NA,NA,NA,NA,NA
14,3,"critical",3.25,0.5,NA,NA,NA,NA,NA
1,5,"critical",5,0,NA,NA,NA,NA,NA
4,4,"critical",4,0.25,NA,NA,NA,NA,NA
3,5,"critical",3,3,NA,NA,NA,NA,NA
2,4.5,"critical",4.25,2.5,NA,NA,NA,NA,NA
7,2,"critical",3.25,0.25,NA,NA,NA,NA,NA
11,2,"critical",3.5,-1,NA,NA,NA,NA,NA
9,3,"critical",4,0.75,NA,NA,NA,NA,NA
9,4,"critical",3.75,1,NA,NA,NA,NA,NA
8,3,"critical",2.75,1.75,NA,NA,NA,NA,NA
10,3,"critical",3.5,-0.25,NA,NA,NA,NA,NA
10,2,"critical",4,-0.75,NA,NA,NA,NA,NA
15,4,"critical",2.75,2,NA,NA,NA,NA,NA
9,4,"critical",4,3,NA,NA,NA,NA,NA
10,2.5,"critical",2.75,-1,NA,NA,NA,NA,NA
17,4,"critical",3.25,3,NA,NA,NA,NA,NA
9,2,"critical",3.25,1,NA,NA,NA,NA,NA
1,5,"critical",5,0,NA,NA,NA,NA,NA
7,4,"critical",2.5,-2.5,NA,NA,NA,NA,NA
1,3,"critical",2.25,3,NA,NA,NA,NA,NA
6,4,"critical",4.25,2.25,NA,NA,NA,NA,NA
4,4,"critical",3.5,1.75,NA,NA,NA,NA,NA
14,4,"critical",4.75,2.25,NA,NA,NA,NA,NA
10,4.5,"critical",3.25,2,NA,NA,NA,NA,NA
1,2,"critical",4.5,-1,NA,NA,NA,NA,NA
6,2,"critical",3.75,0,NA,NA,NA,NA,NA
11,4,"critical",3.75,1,NA,NA,NA,NA,NA
7,3,"critical",3,1.25,NA,NA,NA,NA,NA
15,3.5,"critical",2.75,1,NA,NA,NA,NA,NA
4,3,"critical",3.75,1,NA,NA,NA,NA,NA
15,2,"critical",2.25,-1,NA,NA,NA,NA,NA
7,1,"critical",2,-2.75,NA,NA,NA,NA,NA
11,2.5,"critical",3.5,1.25,NA,NA,NA,NA,NA
10,4,"critical",3,0.5,NA,NA,NA,NA,NA
7,3,"critical",3.75,-0.75,NA,NA,NA,NA,NA
15,4,"critical",3.5,3,NA,NA,NA,NA,NA
9,4,"critical",4,3,NA,NA,NA,NA,NA
9,2.5,"critical",2.75,-0.75,NA,NA,NA,NA,NA
15,4,"critical",3.75,3,NA,NA,NA,NA,NA
8,3,"critical",3.75,0,NA,NA,NA,NA,NA
1,5,"critical",5,0,NA,NA,NA,NA,NA
6,4,"critical",2.5,-1.5,NA,NA,NA,NA,NA
1,3,"critical",2.5,3,NA,NA,NA,NA,NA
9,3,"critical",4.25,-2,NA,NA,NA,NA,NA
6,4,"critical",2.75,2.25,NA,NA,NA,NA,NA
10,4,"critical",4.75,2.25,NA,NA,NA,NA,NA
10,4.5,"critical",3.5,2,NA,NA,NA,NA,NA
1,2,"critical",4,-1.5,NA,NA,NA,NA,NA
10,2,"critical",3,-1,NA,NA,NA,NA,NA
10,4,"critical",3.75,0,NA,NA,NA,NA,NA
9,3,"critical",4,1.75,NA,NA,NA,NA,NA
13,2.5,"critical",3.25,0.5,NA,NA,NA,NA,NA
4,4,"critical",4.5,0.5,NA,NA,NA,NA,NA
10,3,"critical",3.5,-0.25,NA,NA,NA,NA,NA
8,1,"critical",2,-2.25,NA,NA,NA,NA,NA
13,3,"critical",2.75,1.25,NA,NA,NA,NA,NA
10,4.5,"critical",2.75,0,NA,NA,NA,NA,NA
6,3,"critical",4,-1.25,NA,NA,NA,NA,NA
15,4,"critical",3.25,2.25,NA,NA,NA,NA,NA
9,4,"critical",4,3,NA,NA,NA,NA,NA
20,1,"critical",1,-2.25,NA,NA,NA,NA,NA
8,3,"critical",4.25,1.5,NA,NA,NA,NA,NA
17,4,"critical",3.75,3,NA,NA,NA,NA,NA
10,2,"critical",3,0,NA,NA,NA,NA,NA
1,3,"critical",5,0,NA,NA,NA,NA,NA
6,4,"critical",2.5,-2.25,NA,NA,NA,NA,NA
1,3,"critical",3,3,NA,NA,NA,NA,NA
13,4,"critical",3,1.5,NA,NA,NA,NA,NA
10,4,"critical",2.75,2,NA,NA,NA,NA,NA
10,4,"critical",4.5,2.25,NA,NA,NA,NA,NA
8,4.5,"critical",2.75,2.5,NA,NA,NA,NA,NA
14,2,"critical",2,-2,NA,NA,NA,NA,NA
11,4,"critical",3.25,-0.5,NA,NA,NA,NA,NA
7,3.5,"critical",2.5,1.75,NA,NA,NA,NA,NA
16,4,"critical",3.5,2.25,NA,NA,NA,NA,NA
4,4,"critical",4,0.5,NA,NA,NA,NA,NA
15,2,"critical",2,-0.75,NA,NA,NA,NA,NA
7,1,"critical",2.75,-2.5,NA,NA,NA,NA,NA
16,3,"critical",3,3,NA,NA,NA,NA,NA
10,4,"critical",2.75,0,NA,NA,NA,NA,NA
7,3,"critical",4,-0.25,NA,NA,NA,NA,NA
6,4,"critical",4.5,0.75,NA,NA,NA,NA,NA
9,4,"critical",4,3,NA,NA,NA,NA,NA
6,4.5,"critical",3,0.75,NA,NA,NA,NA,NA
4,4,"critical",4,2,NA,NA,NA,NA,NA
10,3,"critical",2.5,0,NA,NA,NA,NA,NA
15,1,"critical",1.75,-3,NA,NA,NA,NA,NA
1,4,"critical",3.25,3,NA,NA,NA,NA,NA
9,2,"critical",2.25,-2.75,NA,NA,NA,NA,NA
6,4,"critical",2.75,-1.5,NA,NA,NA,NA,NA
16,4,"critical",3.75,3,NA,NA,NA,NA,NA
11,4,"critical",5,3,NA,NA,NA,NA,NA
11,2.5,"critical",3,-1.25,NA,NA,NA,NA,NA
7,4,"critical",4.25,0.5,NA,NA,NA,NA,NA
16,2,"critical",2.5,-0.75,NA,NA,NA,NA,NA
9,4,"critical",3.75,-0.5,NA,NA,NA,NA,NA
6,2,"critical",3.25,0.25,NA,NA,NA,NA,NA
4,4,"critical",4.25,2.5,NA,NA,NA,NA,NA
9,4.5,"critical",4,2.75,NA,NA,NA,NA,NA
17,3.5,"critical",4,0.75,NA,NA,NA,NA,NA
11,2.5,"critical",2.5,-1.25,NA,NA,NA,NA,NA
3,3,"critical",3.25,0.75,NA,NA,NA,NA,NA
12,4,"critical",2.75,1.5,NA,NA,NA,NA,NA
3,4.5,"critical",3.75,2.25,NA,NA,NA,NA,NA
9,4,"critical",4,3,NA,NA,NA,NA,NA
6,4,"critical",3,-0.5,NA,NA,NA,NA,NA
4,3,"critical",3.5,1,NA,NA,NA,NA,NA
11,3,"critical",3,0,NA,NA,NA,NA,NA
1,4,"critical",2.75,3,NA,NA,NA,NA,NA
9,2.5,"critical",2.75,-2.75,NA,NA,NA,NA,NA
7,4,"critical",3.5,-1.5,NA,NA,NA,NA,NA
16,4,"critical",3.75,3,NA,NA,NA,NA,NA
12,4,"critical",5,3,NA,NA,NA,NA,NA
8,3,"critical",4,-0.5,NA,NA,NA,NA,NA
6,4,"critical",4,1.25,NA,NA,NA,NA,NA
11,3,"critical",3.5,0.5,NA,NA,NA,NA,NA
13,4,"critical",3.75,-0.25,NA,NA,NA,NA,NA
13,2,"critical",2.25,-2,NA,NA,NA,NA,NA
4,4,"critical",4.25,2.25,NA,NA,NA,NA,NA
9,4.5,"critical",4,2.75,NA,NA,NA,NA,NA
16,3,"critical",2.75,0.25,NA,NA,NA,NA,NA
15,3.5,"critical",3.75,0.75,NA,NA,NA,NA,NA
15,2.5,"critical",2.75,-1,NA,NA,NA,NA,NA
2,2,"critical",2.75,-1.25,NA,NA,NA,NA,NA
11,4.5,"critical",3,3,NA,NA,NA,NA,NA
5,4,"critical",3.75,1.25,NA,NA,NA,NA,NA
9,4,"critical",4,3,NA,NA,NA,NA,NA
6,4,"critical",3.75,2,NA,NA,NA,NA,NA
4,2,"critical",3.5,0,NA,NA,NA,NA,NA
12,4,"critical",4.5,2,NA,NA,NA,NA,NA
1,4,"critical",3.5,3,NA,NA,NA,NA,NA
8,3,"critical",4,0.5,NA,NA,NA,NA,NA
5,4,"critical",2.75,-1.75,NA,NA,NA,NA,NA
17,4,"critical",3.75,3,NA,NA,NA,NA,NA
11,5,"critical",4.5,3,NA,NA,NA,NA,NA
9,2.5,"critical",3,-0.75,NA,NA,NA,NA,NA
5,4,"critical",4.5,0.75,NA,NA,NA,NA,NA
7,4,"critical",4.25,2,NA,NA,NA,NA,NA
15,3.5,"critical",3.75,-1,NA,NA,NA,NA,NA
10,2,"critical",2.75,-2,NA,NA,NA,NA,NA
3,5,"critical",4.75,2.75,NA,NA,NA,NA,NA
2,4.5,"critical",4,2.25,NA,NA,NA,NA,NA
14,4,"critical",4,1.75,NA,NA,NA,NA,NA
7,3.5,"critical",3.75,1,NA,NA,NA,NA,NA
2,1,"critical",2.5,-2.25,NA,NA,NA,NA,NA
11,4.5,"critical",3,1.25,NA,NA,NA,NA,NA
9,4,"critical",4,3,NA,NA,NA,NA,NA
5,4,"critical",4,0.25,NA,NA,NA,NA,NA
1,3,"critical",3.25,3,NA,NA,NA,NA,NA
9,2.5,"critical",4,-1.25,NA,NA,NA,NA,NA
20,3,"critical",3.75,0.5,NA,NA,NA,NA,NA
4,3,"critical",3.5,1,NA,NA,NA,NA,NA
10,4,"critical",4.5,3,NA,NA,NA,NA,NA
11,1,"critical",1.5,-3,NA,NA,NA,NA,NA
1,4.5,"critical",5,2,NA,NA,NA,NA,NA
14,4.5,"critical",4.5,2.5,NA,NA,NA,NA,NA
17,4,"critical",3.75,3,NA,NA,NA,NA,NA
7,2,"critical",3.5,0,NA,NA,NA,NA,NA
5,4,"critical",4.5,2.5,NA,NA,NA,NA,NA
12,4,"critical",3.5,2.25,NA,NA,NA,NA,NA
1,5,"critical",5,1.5,NA,NA,NA,NA,NA
4,2,"critical",4.25,-1.25,NA,NA,NA,NA,NA
7,3.5,"critical",3,0.25,NA,NA,NA,NA,NA
4,4,"critical",4,2,NA,NA,NA,NA,NA
11,3.5,"critical",2.5,2.75,NA,NA,NA,NA,NA
16,4,"critical",2.75,2.25,NA,NA,NA,NA,NA
6,5,"critical",3.75,3,NA,NA,NA,NA,NA
5,3,"critical",3.5,1,NA,NA,NA,NA,NA
9,4,"critical",4,3,NA,NA,NA,NA,NA
4,4,"critical",4,0.25,NA,NA,NA,NA,NA
1,3,"critical",2.75,3,NA,NA,NA,NA,NA
9,2.5,"critical",3.25,-2.25,NA,NA,NA,NA,NA
1,3,"critical",3.5,0.5,NA,NA,NA,NA,NA
3,4,"critical",3.25,1.5,NA,NA,NA,NA,NA
12,4,"critical",4.5,2,NA,NA,NA,NA,NA
4,3.5,"critical",4,0.75,NA,NA,NA,NA,NA
8,3.5,"critical",4.75,2.5,NA,NA,NA,NA,NA
16,4,"critical",4,3,NA,NA,NA,NA,NA
11,2,"critical",2.5,-1,NA,NA,NA,NA,NA
10,2.5,"critical",3.25,-0.25,NA,NA,NA,NA,NA
15,3.5,"critical",3.5,1.25,NA,NA,NA,NA,NA
1,5,"critical",5,2,NA,NA,NA,NA,NA
5,2,"critical",3.25,-1,NA,NA,NA,NA,NA
6,4,"critical",3.25,0.25,NA,NA,NA,NA,NA
4,4,"critical",4,2,NA,NA,NA,NA,NA
11,4.5,"critical",3.25,2.5,NA,NA,NA,NA,NA
15,3,"critical",3,1.25,NA,NA,NA,NA,NA
3,4.5,"critical",4.25,3,NA,NA,NA,NA,NA
5,3,"critical",2.75,1.25,NA,NA,NA,NA,NA
9,4,"critical",4,3,NA,NA,NA,NA,NA
4,4,"critical",4,0.5,NA,NA,NA,NA,NA
1,3,"critical",3,3,NA,NA,NA,NA,NA
9,2,"critical",3.5,-1.5,NA,NA,NA,NA,NA
1,3,"critical",3.75,0.25,NA,NA,NA,NA,NA
1,4,"critical",3.5,3,NA,NA,NA,NA,NA
10,4,"critical",4.5,2,NA,NA,NA,NA,NA
13,1,"critical",1.75,-3,NA,NA,NA,NA,NA
3,4.5,"critical",5,1.5,NA,NA,NA,NA,NA
15,4,"critical",4.5,2.75,NA,NA,NA,NA,NA
16,4,"critical",4,3,NA,NA,NA,NA,NA
14,2,"critical",2,-2,NA,NA,NA,NA,NA
17,1.5,"critical",1.75,-2,NA,NA,NA,NA,NA
14,3.5,"critical",3.25,2,NA,NA,NA,NA,NA
1,5,"critical",5,3,NA,NA,NA,NA,NA
7,3,"critical",5,-0.75,NA,NA,NA,NA,NA
6,4,"critical",4,0.25,NA,NA,NA,NA,NA
4,4,"critical",4,1,NA,NA,NA,NA,NA
11,3.5,"critical",3.25,2.5,NA,NA,NA,NA,NA
16,3,"critical",2.5,1.5,NA,NA,NA,NA,NA
7,4.5,"critical",4.25,3,NA,NA,NA,NA,NA
4,3,"critical",3.75,1,NA,NA,NA,NA,NA
13,NA,"semantic-pre",NA,NA,NA,NA,NA,10,2
6,NA,"semantic-pre",NA,NA,NA,NA,NA,20,4.14285714285714
10,NA,"semantic-pre",NA,NA,NA,NA,NA,19,3.57142857142857
13,NA,"semantic-pre",NA,NA,NA,NA,NA,12,3.71428571428571
3,NA,"semantic-pre",NA,NA,NA,NA,NA,22,4
10,NA,"semantic-pre",NA,NA,NA,NA,NA,28,6
1,NA,"semantic-pre",NA,NA,NA,NA,NA,20,6
1,NA,"semantic-pre",NA,NA,NA,NA,NA,21,6
1,NA,"semantic-pre",NA,NA,NA,NA,NA,28,6
1,NA,"semantic-pre",NA,NA,NA,NA,NA,27,6
3,NA,"semantic-pre",NA,NA,NA,NA,NA,7,5
1,NA,"semantic-pre",NA,NA,NA,NA,NA,9,5.57142857142857
1,NA,"semantic-pre",NA,NA,NA,NA,NA,10,5.42857142857143
2,NA,"semantic-pre",NA,NA,NA,NA,NA,10,5.42857142857143
2,NA,"semantic-pre",NA,NA,NA,NA,NA,12,5.42857142857143
1,NA,"semantic-pre",NA,NA,NA,NA,NA,12,4
2,NA,"semantic-pre",NA,NA,NA,NA,NA,12,3.85714285714286
4,NA,"semantic-pre",NA,NA,NA,NA,NA,11,3
1,NA,"semantic-pre",NA,NA,NA,NA,NA,20,3.85714285714286
1,NA,"semantic-pre",NA,NA,NA,NA,NA,24,3.71428571428571
14,NA,"semantic-pre",NA,NA,NA,NA,NA,21,5.28571428571429
4,NA,"semantic-pre",NA,NA,NA,NA,NA,24,6.28571428571429
8,NA,"semantic-pre",NA,NA,NA,NA,NA,23,6.14285714285714
8,NA,"semantic-pre",NA,NA,NA,NA,NA,24,5.71428571428571
8,NA,"semantic-pre",NA,NA,NA,NA,NA,15,6.42857142857143
14,NA,"semantic-pre",NA,NA,NA,NA,NA,18,5
10,NA,"semantic-pre",NA,NA,NA,NA,NA,12,3.28571428571429
12,NA,"semantic-pre",NA,NA,NA,NA,NA,4,3
2,NA,"semantic-pre",NA,NA,NA,NA,NA,2,3.42857142857143
4,NA,"semantic-pre",NA,NA,NA,NA,NA,11,3.71428571428571
1,NA,"semantic-pre",NA,NA,NA,NA,NA,13,2.71428571428571
6,NA,"semantic-pre",NA,NA,NA,NA,NA,11,3.14285714285714
15,NA,"semantic-pre",NA,NA,NA,NA,NA,15,3.28571428571429
1,NA,"semantic-pre",NA,NA,NA,NA,NA,20,3.57142857142857
2,NA,"semantic-pre",NA,NA,NA,NA,NA,17,4
4,NA,"semantic-pre",NA,NA,NA,NA,NA,23,7
4,NA,"semantic-pre",NA,NA,NA,NA,NA,22,5.14285714285714
5,NA,"semantic-pre",NA,NA,NA,NA,NA,17,5
10,NA,"semantic-pre",NA,NA,NA,NA,NA,17,3.85714285714286
14,NA,"semantic-pre",NA,NA,NA,NA,NA,18,4.42857142857143
8,NA,"semantic-pre",NA,NA,NA,NA,NA,21,5
17,NA,"semantic-pre",NA,NA,NA,NA,NA,24,3.42857142857143
18,NA,"semantic-pre",NA,NA,NA,NA,NA,26,3.85714285714286
12,NA,"semantic-pre",NA,NA,NA,NA,NA,24,3.14285714285714
14,NA,"semantic-pre",NA,NA,NA,NA,NA,33,5.14285714285714
16,NA,"semantic-pre",NA,NA,NA,NA,NA,18,3.14285714285714
17,NA,"semantic-pre",NA,NA,NA,NA,NA,20,2.57142857142857
17,NA,"semantic-pre",NA,NA,NA,NA,NA,21,3.57142857142857
15,NA,"semantic-pre",NA,NA,NA,NA,NA,20,4.42857142857143
8,NA,"semantic-pre",NA,NA,NA,NA,NA,24,3.85714285714286
5,NA,"semantic-pre",NA,NA,NA,NA,NA,24,7
6,NA,"semantic-pre",NA,NA,NA,NA,NA,19,6.57142857142857
10,NA,"semantic-pre",NA,NA,NA,NA,NA,21,6.85714285714286
10,NA,"semantic-pre",NA,NA,NA,NA,NA,24,6.71428571428571
2,NA,"semantic-pre",NA,NA,NA,NA,NA,25,7
9,NA,"semantic-pre",NA,NA,NA,NA,NA,22,3.14285714285714
6,NA,"semantic-pre",NA,NA,NA,NA,NA,21,5.14285714285714
3,NA,"semantic-pre",NA,NA,NA,NA,NA,21,6.28571428571429
4,NA,"semantic-pre",NA,NA,NA,NA,NA,19,6
6,NA,"semantic-pre",NA,NA,NA,NA,NA,18,6
2,NA,"semantic-pre",NA,NA,NA,NA,NA,16,6
3,NA,"semantic-pre",NA,NA,NA,NA,NA,19,6
8,NA,"semantic-pre",NA,NA,NA,NA,NA,18,5.28571428571429
2,NA,"semantic-pre",NA,NA,NA,NA,NA,21,5.85714285714286
2,NA,"semantic-pre",NA,NA,NA,NA,NA,21,6.14285714285714
9,NA,"semantic-pre",NA,NA,NA,NA,NA,14,3.14285714285714
9,NA,"semantic-pre",NA,NA,NA,NA,NA,19,3.14285714285714
11,NA,"semantic-pre",NA,NA,NA,NA,NA,19,2.85714285714286
5,NA,"semantic-pre",NA,NA,NA,NA,NA,18,4.71428571428571
8,NA,"semantic-pre",NA,NA,NA,NA,NA,20,5.42857142857143
2,NA,"semantic-pre",NA,NA,NA,NA,NA,25,4.28571428571429
7,NA,"semantic-pre",NA,NA,NA,NA,NA,24,4.42857142857143
14,NA,"semantic-pre",NA,NA,NA,NA,NA,17,3.42857142857143
2,NA,"semantic-pre",NA,NA,NA,NA,NA,20,4.71428571428571
2,NA,"semantic-pre",NA,NA,NA,NA,NA,28,4
1,NA,"semantic-pre",NA,NA,NA,NA,NA,4,5.14285714285714
10,NA,"semantic-pre",NA,NA,NA,NA,NA,17,5
12,NA,"semantic-pre",NA,NA,NA,NA,NA,17,5.85714285714286
6,NA,"semantic-pre",NA,NA,NA,NA,NA,14,5.85714285714286
4,NA,"semantic-pre",NA,NA,NA,NA,NA,7,5.85714285714286
4,NA,"semantic-pre",NA,NA,NA,NA,NA,11,4.42857142857143
3,NA,"semantic-pre",NA,NA,NA,NA,NA,25,5.28571428571429
4,NA,"semantic-pre",NA,NA,NA,NA,NA,17,5.57142857142857
5,NA,"semantic-pre",NA,NA,NA,NA,NA,19,5.57142857142857
5,NA,"semantic-pre",NA,NA,NA,NA,NA,20,6
5,NA,"semantic-pre",NA,NA,NA,NA,NA,6,3.71428571428571
10,NA,"semantic-pre",NA,NA,NA,NA,NA,9,3.57142857142857
14,NA,"semantic-pre",NA,NA,NA,NA,NA,5,3.71428571428571
10,NA,"semantic-pre",NA,NA,NA,NA,NA,14,3.57142857142857
12,NA,"semantic-pre",NA,NA,NA,NA,NA,10,4
1,NA,"semantic-pre",NA,NA,NA,NA,NA,8,4.85714285714286
6,NA,"semantic-pre",NA,NA,NA,NA,NA,9,4.28571428571429
7,NA,"semantic-pre",NA,NA,NA,NA,NA,6,4.28571428571429
1,NA,"semantic-pre",NA,NA,NA,NA,NA,7,5.28571428571429
1,NA,"semantic-pre",NA,NA,NA,NA,NA,9,4.85714285714286
6,NA,"semantic-pre",NA,NA,NA,NA,NA,20,6.28571428571429
12,NA,"semantic-pre",NA,NA,NA,NA,NA,25,5.57142857142857
12,NA,"semantic-pre",NA,NA,NA,NA,NA,21,6.71428571428571
10,NA,"semantic-pre",NA,NA,NA,NA,NA,19,6.42857142857143
10,NA,"semantic-pre",NA,NA,NA,NA,NA,20,6.57142857142857
3,NA,"semantic-pre",NA,NA,NA,NA,NA,8,4.85714285714286
3,NA,"semantic-pre",NA,NA,NA,NA,NA,9,5.28571428571429
3,NA,"semantic-pre",NA,NA,NA,NA,NA,13,4.71428571428571
3,NA,"semantic-pre",NA,NA,NA,NA,NA,15,4.85714285714286
8,NA,"semantic-pre",NA,NA,NA,NA,NA,11,4.85714285714286
7,NA,"semantic-pre",NA,NA,NA,NA,NA,22,6.85714285714286
12,NA,"semantic-pre",NA,NA,NA,NA,NA,24,5.71428571428571
15,NA,"semantic-pre",NA,NA,NA,NA,NA,20,5.71428571428571
7,NA,"semantic-pre",NA,NA,NA,NA,NA,23,6.14285714285714
5,NA,"semantic-pre",NA,NA,NA,NA,NA,31,6.57142857142857
5,NA,"semantic-pre",NA,NA,NA,NA,NA,14,1.71428571428571
6,NA,"semantic-pre",NA,NA,NA,NA,NA,12,3.14285714285714
5,NA,"semantic-pre",NA,NA,NA,NA,NA,24,6
4,NA,"semantic-pre",NA,NA,NA,NA,NA,16,5.71428571428571
6,NA,"semantic-pre",NA,NA,NA,NA,NA,25,6
8,NA,"semantic-pre",NA,NA,NA,NA,NA,23,4.42857142857143
4,NA,"semantic-pre",NA,NA,NA,NA,NA,19,4.85714285714286
11,NA,"semantic-pre",NA,NA,NA,NA,NA,21,4.57142857142857
13,NA,"semantic-pre",NA,NA,NA,NA,NA,23,4.28571428571429
8,NA,"semantic-pre",NA,NA,NA,NA,NA,21,4.28571428571429
9,NA,"semantic-pre",NA,NA,NA,NA,NA,23,2.57142857142857
10,NA,"semantic-pre",NA,NA,NA,NA,NA,20,3.42857142857143
6,NA,"semantic-pre",NA,NA,NA,NA,NA,14,4.14285714285714
6,NA,"semantic-pre",NA,NA,NA,NA,NA,23,4.42857142857143
10,NA,"semantic-pre",NA,NA,NA,NA,NA,19,3.71428571428571
6,NA,"semantic-pre",NA,NA,NA,NA,NA,16,4.85714285714286
3,NA,"semantic-pre",NA,NA,NA,NA,NA,13,6
5,NA,"semantic-pre",NA,NA,NA,NA,NA,10,5
6,NA,"semantic-pre",NA,NA,NA,NA,NA,19,7
1,NA,"semantic-pre",NA,NA,NA,NA,NA,20,6.85714285714286
12,NA,"semantic-pre",NA,NA,NA,NA,NA,17,3.85714285714286
17,NA,"semantic-pre",NA,NA,NA,NA,NA,12,2.28571428571429
15,NA,"semantic-pre",NA,NA,NA,NA,NA,12,3
7,NA,"semantic-pre",NA,NA,NA,NA,NA,16,3.28571428571429
15,NA,"semantic-pre",NA,NA,NA,NA,NA,14,3
12,NA,"semantic-pre",NA,NA,NA,NA,NA,17,3.85714285714286
9,NA,"semantic-pre",NA,NA,NA,NA,NA,18,4
4,NA,"semantic-pre",NA,NA,NA,NA,NA,21,4.14285714285714
12,NA,"semantic-pre",NA,NA,NA,NA,NA,20,4.42857142857143
7,NA,"semantic-pre",NA,NA,NA,NA,NA,21,5.14285714285714
12,NA,"semantic-pre",NA,NA,NA,NA,NA,19,3.85714285714286
10,NA,"semantic-pre",NA,NA,NA,NA,NA,12,4.28571428571429
15,NA,"semantic-pre",NA,NA,NA,NA,NA,23,3.71428571428571
8,NA,"semantic-pre",NA,NA,NA,NA,NA,15,4
10,NA,"semantic-pre",NA,NA,NA,NA,NA,16,4.28571428571429
1,NA,"semantic-pre",NA,NA,NA,NA,NA,8,1
17,NA,"semantic-pre",NA,NA,NA,NA,NA,16,4
17,NA,"semantic-pre",NA,NA,NA,NA,NA,16,3.14285714285714
6,NA,"semantic-pre",NA,NA,NA,NA,NA,30,6.57142857142857
14,NA,"semantic-pre",NA,NA,NA,NA,NA,23,6.42857142857143
12,NA,"semantic-pre",NA,NA,NA,NA,NA,22,4.42857142857143
12,NA,"semantic-pre",NA,NA,NA,NA,NA,19,5.57142857142857
11,NA,"semantic-pre",NA,NA,NA,NA,NA,19,5
8,NA,"semantic-pre",NA,NA,NA,NA,NA,15,4.57142857142857
9,NA,"semantic-pre",NA,NA,NA,NA,NA,21,5.42857142857143
5,NA,"semantic-pre",NA,NA,NA,NA,NA,10,1.85714285714286
11,NA,"semantic-pre",NA,NA,NA,NA,NA,21,5.85714285714286
9,NA,"semantic-pre",NA,NA,NA,NA,NA,20,6
5,NA,"semantic-pre",NA,NA,NA,NA,NA,25,6.14285714285714
3,NA,"semantic-pre",NA,NA,NA,NA,NA,23,6.28571428571429
10,NA,"semantic",NA,NA,NA,NA,NA,20,3.71428571428571
7,NA,"semantic",NA,NA,NA,NA,NA,15,3.28571428571429
5,NA,"semantic",NA,NA,NA,NA,NA,23,3.28571428571429
12,NA,"semantic",NA,NA,NA,NA,NA,27,4.57142857142857
4,NA,"semantic",NA,NA,NA,NA,NA,17,3
2,NA,"semantic",NA,NA,NA,NA,NA,7,2.28571428571429
6,NA,"semantic",NA,NA,NA,NA,NA,21,3.42857142857143
5,NA,"semantic",NA,NA,NA,NA,NA,11,2.42857142857143
13,NA,"semantic",NA,NA,NA,NA,NA,17,3.71428571428571
12,NA,"semantic",NA,NA,NA,NA,NA,8,4.42857142857143
8,NA,"semantic",NA,NA,NA,NA,NA,5,3.42857142857143
8,NA,"semantic",NA,NA,NA,NA,NA,20,3.42857142857143
15,NA,"semantic",NA,NA,NA,NA,NA,18,4.71428571428571
8,NA,"semantic",NA,NA,NA,NA,NA,12,3.71428571428571
9,NA,"semantic",NA,NA,NA,NA,NA,19,3.71428571428571
13,NA,"semantic",NA,NA,NA,NA,NA,14,3.71428571428571
15,NA,"semantic",NA,NA,NA,NA,NA,12,5
10,NA,"semantic",NA,NA,NA,NA,NA,18,3.71428571428571
10,NA,"semantic",NA,NA,NA,NA,NA,21,4
14,NA,"semantic",NA,NA,NA,NA,NA,21,4.85714285714286
5,NA,"semantic",NA,NA,NA,NA,NA,16,2.85714285714286
2,NA,"semantic",NA,NA,NA,NA,NA,14,3
4,NA,"semantic",NA,NA,NA,NA,NA,28,3.14285714285714
3,NA,"semantic",NA,NA,NA,NA,NA,11,2.71428571428571
4,NA,"semantic",NA,NA,NA,NA,NA,10,3
3,NA,"semantic",NA,NA,NA,NA,NA,26,2.42857142857143
4,NA,"semantic",NA,NA,NA,NA,NA,20,3.14285714285714
18,NA,"semantic",NA,NA,NA,NA,NA,22,5
4,NA,"semantic",NA,NA,NA,NA,NA,1,2.71428571428571
3,NA,"semantic",NA,NA,NA,NA,NA,24,2.42857142857143
10,NA,"semantic",NA,NA,NA,NA,NA,16,4
10,NA,"semantic",NA,NA,NA,NA,NA,16,3.85714285714286
20,NA,"semantic",NA,NA,NA,NA,NA,14,5.42857142857143
4,NA,"semantic",NA,NA,NA,NA,NA,13,3.14285714285714
7,NA,"semantic",NA,NA,NA,NA,NA,28,3.28571428571429
9,NA,"semantic",NA,NA,NA,NA,NA,18,3.57142857142857
1,NA,"semantic",NA,NA,NA,NA,NA,17,2.57142857142857
1,NA,"semantic",NA,NA,NA,NA,NA,14,2.14285714285714
15,NA,"semantic",NA,NA,NA,NA,NA,15,4.14285714285714
7,NA,"semantic",NA,NA,NA,NA,NA,18,3.42857142857143
10,NA,"semantic",NA,NA,NA,NA,NA,14,3.85714285714286
6,NA,"semantic",NA,NA,NA,NA,NA,31,3.28571428571429
13,NA,"semantic",NA,NA,NA,NA,NA,34,4.71428571428571
5,NA,"semantic",NA,NA,NA,NA,NA,25,3.28571428571429
10,NA,"semantic",NA,NA,NA,NA,NA,21,3.42857142857143
1,NA,"semantic",NA,NA,NA,NA,NA,23,2.71428571428571
3,NA,"semantic",NA,NA,NA,NA,NA,21,2.71428571428571
11,NA,"semantic",NA,NA,NA,NA,NA,25,4.28571428571429
12,NA,"semantic",NA,NA,NA,NA,NA,29,4.14285714285714
13,NA,"semantic",NA,NA,NA,NA,NA,19,4.42857142857143
4,NA,"semantic",NA,NA,NA,NA,NA,23,2.57142857142857
13,NA,"semantic",NA,NA,NA,NA,NA,20,4.14285714285714
8,NA,"semantic",NA,NA,NA,NA,NA,16,2.57142857142857
3,NA,"semantic",NA,NA,NA,NA,NA,28,2.85714285714286
10,NA,"semantic",NA,NA,NA,NA,NA,19,4.42857142857143
11,NA,"semantic",NA,NA,NA,NA,NA,14,4.14285714285714
15,NA,"semantic",NA,NA,NA,NA,NA,18,5.57142857142857
14,NA,"semantic",NA,NA,NA,NA,NA,19,4.57142857142857
8,NA,"semantic",NA,NA,NA,NA,NA,20,3
13,NA,"semantic",NA,NA,NA,NA,NA,22,4.28571428571429
17,NA,"semantic",NA,NA,NA,NA,NA,26,4.85714285714286
12,NA,"semantic",NA,NA,NA,NA,NA,13,4.14285714285714
5,NA,"semantic",NA,NA,NA,NA,NA,22,3.28571428571429
6,NA,"semantic",NA,NA,NA,NA,NA,29,3.42857142857143
16,NA,"semantic",NA,NA,NA,NA,NA,20,4.57142857142857
5,NA,"semantic",NA,NA,NA,NA,NA,16,3.57142857142857
13,NA,"semantic",NA,NA,NA,NA,NA,24,4.42857142857143
8,NA,"semantic",NA,NA,NA,NA,NA,30,3.28571428571429
16,NA,"semantic",NA,NA,NA,NA,NA,18,4.57142857142857
15,NA,"semantic",NA,NA,NA,NA,NA,34,4.14285714285714
5,NA,"semantic",NA,NA,NA,NA,NA,15,2.57142857142857
5,NA,"semantic",NA,NA,NA,NA,NA,19,2.85714285714286
6,NA,"semantic",NA,NA,NA,NA,NA,19,3
5,NA,"semantic",NA,NA,NA,NA,NA,17,3.42857142857143
13,NA,"semantic",NA,NA,NA,NA,NA,17,4.57142857142857
4,NA,"semantic",NA,NA,NA,NA,NA,21,3
5,NA,"semantic",NA,NA,NA,NA,NA,13,2.85714285714286
3,NA,"semantic",NA,NA,NA,NA,NA,17,2.42857142857143
3,NA,"semantic",NA,NA,NA,NA,NA,15,2.42857142857143
7,NA,"semantic",NA,NA,NA,NA,NA,23,3.42857142857143
6,NA,"semantic",NA,NA,NA,NA,NA,10,2.85714285714286
15,NA,"semantic",NA,NA,NA,NA,NA,17,4.57142857142857
