"interest";"ease";"reality";"year";"Core";"citation";"doi"
5;3;2;2020;"Yes";"\cite{core-colley2020effect}";"10.1145/3409120.3410648"
5;5;4;2020;"Yes";"\cite{core-colley2020effect}";"10.1145/3409120.3410648"
5;4;5;2020;"Yes";"\cite{core-colley2020effect}";"10.1145/3409120.3410648"
3;1;4;2020;"Yes";"\cite{core-colley2020effect}";"10.1145/3409120.3410648"
4;4;4;2020;"Yes";"\cite{core-colley2020effect}";"10.1145/3409120.3410648"
5;3;4;2020;"Yes";"\cite{core-colley2020effect}";"10.1145/3409120.3410648"
5;2;4;2020;"Yes";"\cite{core-colley2020effect}";"10.1145/3409120.3410648"
5;4;4;2020;"Yes";"\cite{core-colley2020effect}";"10.1145/3409120.3410648"
4;3;3;2020;"Yes";"\cite{core-colley2020effect}";"10.1145/3409120.3410648"
3;2;5;2020;"Yes";"\cite{core-colley2020effect}";"10.1145/3409120.3410648"
5;5;5;2020;"Yes";"\cite{core-colley2020effect}";"10.1145/3409120.3410648"
5;5;5;2020;"Yes";"\cite{core-colley2020effect}";"10.1145/3409120.3410648"
4;3;5;2020;"Yes";"\cite{core-colley2020effect}";"10.1145/3409120.3410648"
4;4;4;2020;"Yes";"\cite{core-colley2020effect}";"10.1145/3409120.3410648"
4;5;3;2020;"Yes";"\cite{core-colley2020effect}";"10.1145/3409120.3410648"
5;5;5;2021;"Yes";"\cite{core-colley2023trajectory}";""
2;2;4;2021;"Yes";"\cite{core-colley2023trajectory}";""
3;3;5;2021;"Yes";"\cite{core-colley2023trajectory}";""
4;4;4;2021;"Yes";"\cite{core-colley2023trajectory}";""
5;4;5;2021;"Yes";"\cite{core-colley2023trajectory}";""
4;4;4;2021;"Yes";"\cite{core-colley2023trajectory}";""
5;5;5;2021;"Yes";"\cite{core-colley2023trajectory}";""
4;3;4;2021;"Yes";"\cite{core-colley2023trajectory}";""
2;3;4;2021;"Yes";"\cite{core-colley2023trajectory}";""
4;5;4;2021;"Yes";"\cite{core-colley2023trajectory}";""
4;5;4;2021;"Yes";"\cite{core-colley2023trajectory}";""
5;4;5;2021;"Yes";"\cite{core-colley2023trajectory}";""
5;5;5;2021;"Yes";"\cite{core-colley2023trajectory}";""
2;3;2;2021;"Yes";"\cite{core-colley2023trajectory}";""
4;4;4;2021;"Yes";"\cite{core-colley2023trajectory}";""
5;5;5;2021;"Yes";"\cite{core-colley2023trajectory}";""
5;3;4;2021;"Yes";"\cite{core-colley2023trajectory}";""
5;4;5;2021;"Yes";"\cite{core-colley2023trajectory}";""
4;5;5;2021;"Yes";"\cite{core-colley2023trajectory}";""
3;4;5;2021;"Yes";"\cite{core-colley2023trajectory}";""
5;2;4;2021;"Yes";"\cite{core-colley2023trajectory}";""
1;1;1;2021;"Yes";"\cite{core-colley2023trajectory}";""
3;3;4;2021;"Yes";"\cite{core-colley2023trajectory}";""
5;5;5;2021;"Yes";"\cite{core-colley2023trajectory}";""
3;4;5;2021;"Yes";"\cite{core-colley2023trajectory}";""
5;5;4;2021;"Yes";"\cite{core-colley2023trajectory}";""
3;5;5;2021;"Yes";"\cite{core-colley2023trajectory}";""
3;3;3;2021;"Yes";"\cite{core-colley2023trajectory}";""
5;5;5;2021;"Yes";"\cite{core-colley2023trajectory}";""
5;5;5;2021;"Yes";"\cite{core-colley2023trajectory}";""
4;3;4;2021;"Yes";"\cite{core-colley2023trajectory}";""
3;4;4;2021;"Yes";"\cite{core-colley2023trajectory}";""
5;5;5;2021;"Yes";"\cite{core-colley2023trajectory}";""
4;4;4;2021;"Yes";"\cite{core-colley2023trajectory}";""
5;2;4;2021;"Yes";"\cite{core-colley2023trajectory}";""
5;5;5;2021;"Yes";"\cite{core-colley2023trajectory}";""
2;1;3;2021;"Yes";"\cite{core-colley2023trajectory}";""
5;5;5;2021;"Yes";"\cite{core-colley2023trajectory}";""
5;5;4;2021;"Yes";"\cite{core-colley2023trajectory}";""
5;4;4;2021;"Yes";"\cite{core-colley2023trajectory}";""
3;3;5;2021;"Yes";"\cite{core-colley2023trajectory}";""
3;3;5;2021;"Yes";"\cite{core-colley2023trajectory}";""
5;5;5;2021;"Yes";"\cite{core-colley2023trajectory}";""
5;5;5;2021;"Yes";"\cite{core-colley2023trajectory}";""
5;5;5;2021;"Yes";"\cite{core-colley2023trajectory}";""
3;3;4;2021;"Yes";"\cite{core-colley2023trajectory}";""
1;1;3;2021;"Yes";"\cite{core-colley2023trajectory}";""
3;3;3;2021;"Yes";"\cite{core-colley2023trajectory}";""
5;5;5;2021;"Yes";"\cite{core-colley2023trajectory}";""
2;2;5;2021;"Yes";"\cite{core-colley2023trajectory}";""
2;2;3;2021;"Yes";"\cite{core-colley2023trajectory}";""
5;5;5;2021;"Yes";"\cite{core-colley2023trajectory}";""
1;1;3;2021;"Yes";"\cite{core-colley2023trajectory}";""
4;4;4;2021;"Yes";"\cite{core-colley2023trajectory}";""
5;4;4;2021;"Yes";"\cite{core-colley2023trajectory}";""
5;3;4;2021;"Yes";"\cite{core-colley2023trajectory}";""
5;5;5;2021;"Yes";"\cite{core-colley2023trajectory}";""
4;4;4;2021;"Yes";"\cite{core-colley2023trajectory}";""
4;5;4;2021;"Yes";"\cite{core-colley2023trajectory}";""
4;4;4;2021;"Yes";"\cite{core-colley2023trajectory}";""
5;5;5;2021;"Yes";"\cite{core-colley2023trajectory}";""
4;4;4;2021;"Yes";"\cite{core-colley2023trajectory}";""
5;5;5;2021;"Yes";"\cite{core-colley2023trajectory}";""
2;2;4;2021;"Yes";"\cite{core-colley2023trajectory}";""
2;3;3;2021;"Yes";"\cite{core-colley2023trajectory}";""
3;3;5;2021;"Yes";"\cite{core-colley2023trajectory}";""
4;5;4;2021;"Yes";"\cite{core-colley2023trajectory}";""
2;3;5;2021;"Yes";"\cite{core-colley2023trajectory}";""
4;4;3;2021;"Yes";"\cite{core-colley2023trajectory}";""
3;2;4;2021;"Yes";"\cite{core-colley2023trajectory}";""
5;5;5;2021;"Yes";"\cite{core-colley2023trajectory}";""
4;4;4;2021;"Yes";"\cite{core-colley2023trajectory}";""
5;5;4;2021;"Yes";"\cite{core-colley2023trajectory}";""
5;5;5;2021;"Yes";"\cite{core-colley2023trajectory}";""
3;4;4;2021;"Yes";"\cite{core-colley2023trajectory}";""
4;3;4;2021;"Yes";"\cite{core-colley2023trajectory}";""
5;5;5;2021;"Yes";"\cite{core-colley2023trajectory}";""
1;2;3;2021;"Yes";"\cite{core-colley2023trajectory}";""
3;2;4;2021;"Yes";"\cite{core-colley2023trajectory}";""
3;2;5;2021;"Yes";"\cite{core-colley2023trajectory}";""
4;5;3;2021;"Yes";"\cite{core-colley2023trajectory}";""
4;4;4;2021;"Yes";"\cite{core-colley2023trajectory}";""
5;5;5;2021;"Yes";"\cite{core-colley2023trajectory}";""
3;3;5;2021;"Yes";"\cite{core-colley2023trajectory}";""
1;1;3;2021;"Yes";"\cite{core-colley2023trajectory}";""
4;4;4;2021;"Yes";"\cite{core-colley2023trajectory}";""
3;5;5;2021;"Yes";"\cite{core-colley2023trajectory}";""
3;3;4;2021;"Yes";"\cite{core-colley2023trajectory}";""
4;5;5;2021;"Yes";"\cite{core-colley2023trajectory}";""
4;3;5;2021;"Yes";"\cite{core-colley2023trajectory}";""
3;3;4;2021;"Yes";"\cite{core-colley2023trajectory}";""
2;3;4;2021;"Yes";"\cite{core-colley2023trajectory}";""
4;5;2;2021;"Yes";"\cite{core-colley2023trajectory}";""
4;4;5;2021;"Yes";"\cite{core-colley2023trajectory}";""
4;5;3;2021;"Yes";"\cite{core-colley2023trajectory}";""
4;4;3;2021;"Yes";"\cite{core-colley2023trajectory}";""
2;4;4;2021;"Yes";"\cite{core-colley2023trajectory}";""
4;3;2;2021;"Yes";"\cite{core-colley2023trajectory}";""
2;2;2;2021;"Yes";"\cite{core-colley2023trajectory}";""
5;5;5;2021;"Yes";"\cite{core-colley2023trajectory}";""
3;4;5;2021;"Yes";"\cite{core-colley2023trajectory}";""
5;5;5;2021;"Yes";"\cite{core-colley2023trajectory}";""
4;3;5;2021;"Yes";"\cite{core-colley2023trajectory}";""
4;3;3;2021;"Yes";"\cite{core-colley2023trajectory}";""
5;4;5;2021;"Yes";"\cite{core-colley2023trajectory}";""
5;5;5;2021;"Yes";"\cite{core-colley2023trajectory}";""
4;5;4;2021;"Yes";"\cite{core-colley2023trajectory}";""
2;2;3;2021;"Yes";"\cite{core-colley2023trajectory}";""
3;4;4;2021;"Yes";"\cite{core-colley2023trajectory}";""
3;4;3;2021;"Yes";"\cite{core-colley2023trajectory}";""
2;2;2;2021;"Yes";"\cite{core-colley2023trajectory}";""
3;3;2;2021;"Yes";"\cite{core-colley2023trajectory}";""
3;4;4;2021;"Yes";"\cite{core-colley2023trajectory}";""
4;3;4;2021;"Yes";"\cite{core-colley2023trajectory}";""
2;4;3;2021;"Yes";"\cite{core-colley2023trajectory}";""
5;5;5;2021;"Yes";"\cite{core-colley2023trajectory}";""
3;4;5;2021;"Yes";"\cite{core-colley2023trajectory}";""
5;4;4;2021;"Yes";"\cite{core-colley2023trajectory}";""
4;5;4;2021;"Yes";"\cite{core-colley2023trajectory}";""
5;5;5;2021;"Yes";"\cite{core-colley2023trajectory}";""
5;5;5;2021;"Yes";"\cite{core-colley2023trajectory}";""
5;5;5;2021;"Yes";"\cite{core-colley2023trajectory}";""
4;4;4;2021;"Yes";"\cite{core-colley2023trajectory}";""
5;5;5;2021;"Yes";"\cite{core-colley2023trajectory}";""
5;4;5;2021;"Yes";"\cite{core-colley2023trajectory}";""
5;5;4;2021;"Yes";"\cite{core-colley2023trajectory}";""
5;5;5;2021;"Yes";"\cite{core-colley2023trajectory}";""
4;4;4;2021;"Yes";"\cite{core-colley2023trajectory}";""
5;5;5;2021;"Yes";"\cite{core-colley2023trajectory}";""
4;4;5;2021;"Yes";"\cite{core-colley2023trajectory}";""
5;5;3;2021;"Yes";"\cite{core-colley2023trajectory}";""
4;4;3;2021;"Yes";"\cite{core-colley2023trajectory}";""
5;3;5;2021;"Yes";"\cite{core-colley2023trajectory}";""
5;5;5;2021;"Yes";"\cite{core-colley2023trajectory}";""
5;5;5;2021;"Yes";"\cite{core-colley2023trajectory}";""
4;5;5;2021;"Yes";"\cite{core-colley2023trajectory}";""
4;3;4;2021;"Yes";"\cite{core-colley2023trajectory}";""
4;4;4;2021;"Yes";"\cite{core-colley2023trajectory}";""
5;5;5;2021;"Yes";"\cite{core-colley2023trajectory}";""
5;5;5;2021;"Yes";"\cite{core-colley2023trajectory}";""
5;5;5;2021;"Yes";"\cite{core-colley2023trajectory}";""
4;4;2;2021;"Yes";"\cite{core-colley2023trajectory}";""
5;5;5;2021;"Yes";"\cite{core-colley2023trajectory}";""
1;2;2;2021;"Yes";"\cite{core-colley2023trajectory}";""
3;3;4;2021;"Yes";"\cite{core-colley2023trajectory}";""
5;5;5;2021;"Yes";"\cite{core-colley2023trajectory}";""
5;5;5;2021;"Yes";"\cite{core-colley2023trajectory}";""
4;4;5;2021;"Yes";"\cite{core-colley2023trajectory}";""
5;5;5;2021;"Yes";"\cite{core-colley2023trajectory}";""
5;5;5;2021;"Yes";"\cite{core-colley2023trajectory}";""
3;3;4;2021;"Yes";"\cite{core-colley2023trajectory}";""
5;5;5;2021;"Yes";"\cite{core-colley2023trajectory}";""
3;3;4;2021;"Yes";"\cite{core-colley2023trajectory}";""
4;5;2;2021;"Yes";"\cite{core-colley2023trajectory}";""
5;5;2;2021;"Yes";"\cite{core-colley2023trajectory}";""
4;4;5;2021;"Yes";"\cite{core-colley2023trajectory}";""
3;4;2;2021;"Yes";"\cite{core-colley2023trajectory}";""
5;4;4;2021;"Yes";"\cite{core-colley2023trajectory}";""
2;2;3;2021;"Yes";"\cite{core-colley2023trajectory}";""
3;4;5;2021;"Yes";"\cite{core-colley2023trajectory}";""
5;5;5;2021;"Yes";"\cite{core-colley2023trajectory}";""
5;4;4;2021;"Yes";"\cite{core-colley2023trajectory}";""
3;2;4;2021;"Yes";"\cite{core-colley2023trajectory}";""
4;5;5;2021;"Yes";"\cite{core-colley2023trajectory}";""
3;3;4;2021;"Yes";"\cite{core-colley2023trajectory}";""
2;2;3;2021;"Yes";"\cite{core-colley2023trajectory}";""
4;4;5;2021;"Yes";"\cite{core-colley2023trajectory}";""
5;2;4;2021;"Yes";"\cite{core-colley2023trajectory}";""
1;1;2;2021;"Yes";"\cite{core-colley2023trajectory}";""
4;4;5;2021;"Yes";"\cite{core-colley2023trajectory}";""
4;4;4;2021;"Yes";"\cite{core-colley2023trajectory}";""
4;4;5;2021;"Yes";"\cite{core-colley2023trajectory}";""
3;3;4;2021;"Yes";"\cite{core-colley2023trajectory}";""
4;4;2;2021;"Yes";"\cite{core-colley2023trajectory}";""
3;1;3;2021;"Yes";"\cite{core-colley2023trajectory}";""
5;5;4;2021;"Yes";"\cite{core-colley2023trajectory}";""
5;4;4;2021;"Yes";"\cite{core-colley2023trajectory}";""
4;4;3;2021;"Yes";"\cite{core-colley2023trajectory}";""
3;4;5;2021;"Yes";"\cite{core-colley2023trajectory}";""
4;5;4;2021;"Yes";"\cite{core-colley2023trajectory}";""
5;5;5;2021;"Yes";"\cite{core-colley2023trajectory}";""
5;5;5;2021;"Yes";"\cite{core-colley2023trajectory}";""
5;5;5;2021;"Yes";"\cite{core-colley2023trajectory}";""
4;5;3;2021;"Yes";"\cite{core-colley2023trajectory}";""
4;3;4;2021;"Yes";"\cite{core-colley2023trajectory}";""
4;3;4;2021;"Yes";"\cite{core-colley2023trajectory}";""
4;4;5;2021;"Yes";"\cite{core-colley2023trajectory}";""
4;4;4;2021;"Yes";"\cite{core-colley2023trajectory}";""
5;5;5;2021;"Yes";"\cite{core-colley2023trajectory}";""
3;3;2;2021;"Yes";"\cite{core-colley2023trajectory}";""
5;5;5;2021;"Yes";"\cite{core-colley2023trajectory}";""
4;5;4;2021;"Yes";"\cite{core-colley2023trajectory}";""
4;4;4;2021;"Yes";"\cite{core-colley2023trajectory}";""
4;4;5;2021;"Yes";"\cite{core-colley2023trajectory}";""
5;4;5;2021;"Yes";"\cite{core-colley2023trajectory}";""
5;5;5;2021;"Yes";"\cite{core-colley2023trajectory}";""
5;4;4;2021;"Yes";"\cite{core-colley2023trajectory}";""
4;5;5;2021;"Yes";"\cite{core-colley2023trajectory}";""
5;5;5;2021;"Yes";"\cite{core-colley2023trajectory}";""
5;5;3;2021;"Yes";"\cite{core-colley2023trajectory}";""
5;5;5;2021;"Yes";"\cite{core-colley2023trajectory}";""
3;2;2;2021;"Yes";"\cite{core-colley2023trajectory}";""
5;5;4;2021;"Yes";"\cite{core-colley2023trajectory}";""
2;2;4;2021;"Yes";"\cite{core-colley2023trajectory}";""
5;5;5;2021;"Yes";"\cite{core-colley2023trajectory}";""
5;4;3;2021;"Yes";"\cite{core-colley2023trajectory}";""
5;5;5;2021;"Yes";"\cite{core-colley2023trajectory}";""
2;1;2;2021;"Yes";"\cite{core-colley2023trajectory}";""
5;5;4;2021;"Yes";"\cite{core-colley2023trajectory}";""
5;5;4;2021;"Yes";"\cite{core-colley2023trajectory}";""
5;5;5;2021;"Yes";"\cite{core-colley2023trajectory}";""
5;5;4;2021;"Yes";"\cite{core-colley2023trajectory}";""
5;5;5;2021;"Yes";"\cite{core-colley2023trajectory}";""
4;3;3;2021;"Yes";"\cite{core-colley2023trajectory}";""
3;3;3;2021;"Yes";"\cite{core-colley2023trajectory}";""
5;4;3;2021;"Yes";"\cite{core-colley2023trajectory}";""
5;5;5;2021;"Yes";"\cite{core-colley2023trajectory}";""
5;5;3;2021;"Yes";"\cite{core-colley2023trajectory}";""
1;2;1;2021;"Yes";"\cite{core-colley2023trajectory}";""
5;4;4;2021;"Yes";"\cite{core-colley2023trajectory}";""
5;5;5;2021;"Yes";"\cite{core-colley2023trajectory}";""
5;5;5;2021;"Yes";"\cite{core-colley2023trajectory}";""
3;3;4;2021;"Yes";"\cite{core-colley2023trajectory}";""
1;1;1;2021;"Yes";"\cite{core-colley2023trajectory}";""
2;3;4;2021;"Yes";"\cite{core-colley2023trajectory}";""
4;3;5;2021;"Yes";"\cite{core-colley2023trajectory}";""
4;3;2;2021;"Yes";"\cite{core-colley2023trajectory}";""
1;2;2;2021;"Yes";"\cite{core-colley2023trajectory}";""
3;3;4;2021;"Yes";"\cite{core-colley2023trajectory}";""
5;5;5;2021;"Yes";"\cite{core-colley2023trajectory}";""
5;5;5;2021;"Yes";"\cite{core-colley2023trajectory}";""
5;5;5;2021;"Yes";"\cite{core-colley2023trajectory}";""
1;1;1;2021;"Yes";"\cite{core-colley2023trajectory}";""
5;5;5;2021;"Yes";"\cite{core-colley2023trajectory}";""
4;4;4;2021;"Yes";"\cite{core-colley2023trajectory}";""
1;3;3;2021;"Yes";"\cite{core-colley2023trajectory}";""
4;4;4;2021;"Yes";"\cite{core-colley2023trajectory}";""
5;5;5;2021;"Yes";"\cite{core-colley2023trajectory}";""
3;3;5;2021;"Yes";"\cite{core-colley2022scene}";"10.1145/3534609"
5;5;5;2021;"Yes";"\cite{core-colley2022scene}";"10.1145/3534609"
3;5;5;2021;"Yes";"\cite{core-colley2022scene}";"10.1145/3534609"
5;5;5;2021;"Yes";"\cite{core-colley2022scene}";"10.1145/3534609"
4;4;4;2021;"Yes";"\cite{core-colley2022scene}";"10.1145/3534609"
4;4;5;2021;"Yes";"\cite{core-colley2022scene}";"10.1145/3534609"
5;4;3;2021;"Yes";"\cite{core-colley2022scene}";"10.1145/3534609"
5;5;5;2021;"Yes";"\cite{core-colley2022scene}";"10.1145/3534609"
5;5;4;2021;"Yes";"\cite{core-colley2022scene}";"10.1145/3534609"
3;4;5;2021;"Yes";"\cite{core-colley2022scene}";"10.1145/3534609"
3;4;5;2021;"Yes";"\cite{core-colley2022scene}";"10.1145/3534609"
2;3;4;2021;"Yes";"\cite{core-colley2022scene}";"10.1145/3534609"
5;5;5;2021;"Yes";"\cite{core-colley2022scene}";"10.1145/3534609"
4;4;5;2021;"Yes";"\cite{core-colley2022scene}";"10.1145/3534609"
5;5;2;2021;"Yes";"\cite{core-colley2022scene}";"10.1145/3534609"
5;5;5;2021;"Yes";"\cite{core-colley2022scene}";"10.1145/3534609"
3;4;5;2021;"Yes";"\cite{core-colley2022scene}";"10.1145/3534609"
4;4;5;2021;"Yes";"\cite{core-colley2022scene}";"10.1145/3534609"
5;5;5;2021;"Yes";"\cite{core-colley2022scene}";"10.1145/3534609"
5;5;5;2021;"Yes";"\cite{core-colley2022scene}";"10.1145/3534609"
5;5;3;2021;"Yes";"\cite{core-colley2022scene}";"10.1145/3534609"
4;4;4;2021;"Yes";"\cite{core-colley2022scene}";"10.1145/3534609"
4;4;5;2021;"Yes";"\cite{core-colley2022scene}";"10.1145/3534609"
4;4;3;2021;"Yes";"\cite{core-colley2022scene}";"10.1145/3534609"
4;4;5;2021;"Yes";"\cite{core-colley2022scene}";"10.1145/3534609"
4;4;5;2021;"Yes";"\cite{core-colley2022scene}";"10.1145/3534609"
3;2;4;2021;"Yes";"\cite{core-colley2022scene}";"10.1145/3534609"
5;5;5;2021;"Yes";"\cite{core-colley2022scene}";"10.1145/3534609"
1;1;1;2021;"Yes";"\cite{core-colley2022scene}";"10.1145/3534609"
5;5;3;2021;"Yes";"\cite{core-colley2022scene}";"10.1145/3534609"
3;2;4;2021;"Yes";"\cite{core-colley2022scene}";"10.1145/3534609"
4;4;4;2021;"Yes";"\cite{core-colley2022scene}";"10.1145/3534609"
3;3;5;2021;"Yes";"\cite{core-colley2022scene}";"10.1145/3534609"
4;4;5;2021;"Yes";"\cite{core-colley2022scene}";"10.1145/3534609"
5;5;4;2021;"Yes";"\cite{core-colley2022scene}";"10.1145/3534609"
5;5;5;2021;"Yes";"\cite{core-colley2022scene}";"10.1145/3534609"
5;5;5;2021;"Yes";"\cite{core-colley2022scene}";"10.1145/3534609"
2;4;3;2021;"Yes";"\cite{core-colley2022scene}";"10.1145/3534609"
4;5;5;2021;"Yes";"\cite{core-colley2022scene}";"10.1145/3534609"
3;2;5;2021;"Yes";"\cite{core-colley2022scene}";"10.1145/3534609"
3;2;4;2021;"Yes";"\cite{core-colley2022scene}";"10.1145/3534609"
3;3;4;2021;"Yes";"\cite{core-colley2022scene}";"10.1145/3534609"
5;4;4;2021;"Yes";"\cite{core-colley2022scene}";"10.1145/3534609"
4;5;3;2021;"Yes";"\cite{core-colley2022scene}";"10.1145/3534609"
4;4;4;2021;"Yes";"\cite{core-colley2022scene}";"10.1145/3534609"
5;5;5;2021;"Yes";"\cite{core-colley2022scene}";"10.1145/3534609"
5;5;5;2021;"Yes";"\cite{core-colley2022scene}";"10.1145/3534609"
4;5;5;2021;"Yes";"\cite{core-colley2022scene}";"10.1145/3534609"
5;5;5;2021;"Yes";"\cite{core-colley2022scene}";"10.1145/3534609"
5;4;4;2021;"Yes";"\cite{core-colley2022scene}";"10.1145/3534609"
3;3;4;2021;"Yes";"\cite{core-colley2022scene}";"10.1145/3534609"
5;5;5;2021;"Yes";"\cite{core-colley2022scene}";"10.1145/3534609"
5;5;5;2021;"Yes";"\cite{core-colley2022scene}";"10.1145/3534609"
1;2;3;2021;"Yes";"\cite{core-colley2022scene}";"10.1145/3534609"
5;5;5;2021;"Yes";"\cite{core-colley2022scene}";"10.1145/3534609"
4;5;4;2021;"Yes";"\cite{core-colley2022scene}";"10.1145/3534609"
4;4;5;2021;"Yes";"\cite{core-colley2022scene}";"10.1145/3534609"
5;4;4;2021;"Yes";"\cite{core-colley2022scene}";"10.1145/3534609"
3;4;4;2021;"Yes";"\cite{core-colley2022scene}";"10.1145/3534609"
3;3;2;2021;"Yes";"\cite{core-colley2022scene}";"10.1145/3534609"
5;4;3;2021;"Yes";"\cite{core-colley2022scene}";"10.1145/3534609"
5;5;5;2021;"Yes";"\cite{core-colley2022scene}";"10.1145/3534609"
2;3;4;2021;"Yes";"\cite{core-colley2022scene}";"10.1145/3534609"
4;4;5;2021;"Yes";"\cite{core-colley2022scene}";"10.1145/3534609"
4;5;4;2021;"Yes";"\cite{core-colley2022scene}";"10.1145/3534609"
5;2;3;2021;"Yes";"\cite{core-colley2022scene}";"10.1145/3534609"
2;2;4;2021;"Yes";"\cite{core-colley2022scene}";"10.1145/3534609"
5;4;4;2021;"Yes";"\cite{core-colley2022scene}";"10.1145/3534609"
5;5;4;2021;"Yes";"\cite{core-colley2022scene}";"10.1145/3534609"
5;5;5;2021;"Yes";"\cite{core-colley2022scene}";"10.1145/3534609"
2;3;4;2021;"Yes";"\cite{core-colley2022scene}";"10.1145/3534609"
4;4;4;2021;"Yes";"\cite{core-colley2022scene}";"10.1145/3534609"
5;5;5;2021;"Yes";"\cite{core-colley2022scene}";"10.1145/3534609"
4;4;5;2021;"Yes";"\cite{core-colley2022scene}";"10.1145/3534609"
3;3;3;2021;"Yes";"\cite{core-colley2022scene}";"10.1145/3534609"
4;4;4;2021;"Yes";"\cite{core-colley2022scene}";"10.1145/3534609"
4;4;4;2021;"Yes";"\cite{core-colley2022scene}";"10.1145/3534609"
2;3;5;2021;"Yes";"\cite{core-colley2022scene}";"10.1145/3534609"
4;4;5;2021;"Yes";"\cite{core-colley2022scene}";"10.1145/3534609"
4;4;3;2021;"Yes";"\cite{core-colley2022scene}";"10.1145/3534609"
1;3;4;2021;"Yes";"\cite{core-colley2022scene}";"10.1145/3534609"
3;3;5;2021;"Yes";"\cite{core-colley2022scene}";"10.1145/3534609"
5;3;4;2021;"Yes";"\cite{core-colley2022scene}";"10.1145/3534609"
4;4;5;2021;"Yes";"\cite{core-colley2022scene}";"10.1145/3534609"
5;5;5;2021;"Yes";"\cite{core-colley2022scene}";"10.1145/3534609"
4;4;3;2021;"Yes";"\cite{core-colley2022scene}";"10.1145/3534609"
2;3;4;2021;"Yes";"\cite{core-colley2022scene}";"10.1145/3534609"
5;5;3;2021;"Yes";"\cite{core-colley2022scene}";"10.1145/3534609"
5;5;5;2021;"Yes";"\cite{core-colley2022scene}";"10.1145/3534609"
2;2;2;2021;"Yes";"\cite{core-colley2022scene}";"10.1145/3534609"
5;5;5;2021;"Yes";"\cite{core-colley2022scene}";"10.1145/3534609"
4;5;5;2021;"Yes";"\cite{core-colley2022scene}";"10.1145/3534609"
3;3;4;2021;"Yes";"\cite{core-colley2022scene}";"10.1145/3534609"
4;3;4;2021;"Yes";"\cite{core-colley2022scene}";"10.1145/3534609"
2;2;3;2021;"Yes";"\cite{core-colley2022scene}";"10.1145/3534609"
1;1;3;2021;"Yes";"\cite{core-colley2022scene}";"10.1145/3534609"
4;4;4;2021;"Yes";"\cite{core-colley2022scene}";"10.1145/3534609"
5;5;3;2021;"Yes";"\cite{core-colley2022scene}";"10.1145/3534609"
3;4;3;2021;"Yes";"\cite{core-colley2022scene}";"10.1145/3534609"
4;4;4;2021;"Yes";"\cite{core-colley2022scene}";"10.1145/3534609"
2;3;3;2021;"Yes";"\cite{core-colley2022scene}";"10.1145/3534609"
2;2;3;2021;"Yes";"\cite{core-colley2022scene}";"10.1145/3534609"
5;5;5;2021;"Yes";"\cite{core-colley2022scene}";"10.1145/3534609"
4;4;4;2021;"Yes";"\cite{core-colley2022scene}";"10.1145/3534609"
4;4;4;2021;"Yes";"\cite{core-colley2022scene}";"10.1145/3534609"
4;4;5;2021;"Yes";"\cite{core-colley2022scene}";"10.1145/3534609"
5;5;4;2021;"Yes";"\cite{core-colley2022scene}";"10.1145/3534609"
3;4;4;2021;"Yes";"\cite{core-colley2022scene}";"10.1145/3534609"
4;4;4;2021;"Yes";"\cite{core-colley2022scene}";"10.1145/3534609"
3;3;4;2021;"Yes";"\cite{core-colley2022scene}";"10.1145/3534609"
5;5;5;2021;"Yes";"\cite{core-colley2022scene}";"10.1145/3534609"
4;4;5;2021;"Yes";"\cite{core-colley2022scene}";"10.1145/3534609"
3;3;5;2021;"Yes";"\cite{core-colley2022scene}";"10.1145/3534609"
2;3;4;2021;"Yes";"\cite{core-colley2022scene}";"10.1145/3534609"
5;4;5;2021;"Yes";"\cite{core-colley2022scene}";"10.1145/3534609"
4;4;5;2021;"Yes";"\cite{core-colley2022scene}";"10.1145/3534609"
5;5;3;2021;"Yes";"\cite{core-colley2022scene}";"10.1145/3534609"
5;4;5;2021;"Yes";"\cite{core-colley2022scene}";"10.1145/3534609"
4;3;4;2021;"Yes";"\cite{core-colley2022scene}";"10.1145/3534609"
5;5;4;2021;"Yes";"\cite{core-colley2022scene}";"10.1145/3534609"
4;4;5;2021;"Yes";"\cite{core-colley2022scene}";"10.1145/3534609"
5;5;5;2021;"Yes";"\cite{core-colley2022scene}";"10.1145/3534609"
2;3;2;2021;"Yes";"\cite{core-colley2022scene}";"10.1145/3534609"
4;5;5;2021;"Yes";"\cite{core-colley2022scene}";"10.1145/3534609"
4;4;5;2021;"Yes";"\cite{core-colley2022scene}";"10.1145/3534609"
5;5;5;2021;"Yes";"\cite{core-colley2022scene}";"10.1145/3534609"
2;2;3;2021;"Yes";"\cite{core-colley2022scene}";"10.1145/3534609"
4;4;5;2021;"Yes";"\cite{core-colley2022scene}";"10.1145/3534609"
5;5;5;2021;"Yes";"\cite{core-colley2022scene}";"10.1145/3534609"
4;3;5;2021;"Yes";"\cite{core-colley2022scene}";"10.1145/3534609"
5;5;5;2021;"Yes";"\cite{core-colley2022scene}";"10.1145/3534609"
4;4;4;2021;"Yes";"\cite{core-colley2022scene}";"10.1145/3534609"
5;5;5;2021;"Yes";"\cite{core-colley2022scene}";"10.1145/3534609"
3;4;5;2021;"Yes";"\cite{core-colley2022scene}";"10.1145/3534609"
3;4;3;2021;"Yes";"\cite{core-colley2022scene}";"10.1145/3534609"
1;3;4;2021;"Yes";"\cite{core-colley2022scene}";"10.1145/3534609"
2;4;3;2021;"Yes";"\cite{core-colley2022scene}";"10.1145/3534609"
5;5;3;2021;"Yes";"\cite{core-colley2022scene}";"10.1145/3534609"
4;4;5;2021;"Yes";"\cite{core-colley2022scene}";"10.1145/3534609"
2;2;4;2021;"Yes";"\cite{core-colley2022scene}";"10.1145/3534609"
3;4;4;2021;"Yes";"\cite{core-colley2022scene}";"10.1145/3534609"
5;5;5;2021;"Yes";"\cite{core-colley2022scene}";"10.1145/3534609"
4;5;5;2021;"Yes";"\cite{core-colley2022scene}";"10.1145/3534609"
3;3;4;2021;"Yes";"\cite{core-colley2022scene}";"10.1145/3534609"
4;4;4;2021;"Yes";"\cite{core-colley2022scene}";"10.1145/3534609"
5;5;3;2021;"Yes";"\cite{core-colley2022scene}";"10.1145/3534609"
2;2;1;2021;"Yes";"\cite{core-colley2022scene}";"10.1145/3534609"
4;4;5;2021;"Yes";"\cite{core-colley2022scene}";"10.1145/3534609"
4;4;3;2021;"Yes";"\cite{core-colley2022scene}";"10.1145/3534609"
5;5;4;2021;"Yes";"\cite{core-colley2022scene}";"10.1145/3534609"
5;3;4;2021;"Yes";"\cite{core-colley2022scene}";"10.1145/3534609"
4;4;5;2021;"Yes";"\cite{core-colley2022scene}";"10.1145/3534609"
3;3;3;2021;"Yes";"\cite{core-colley2022scene}";"10.1145/3534609"
5;5;3;2021;"Yes";"\cite{core-colley2022scene}";"10.1145/3534609"
1;5;3;2021;"Yes";"\cite{core-colley2022scene}";"10.1145/3534609"
2;2;5;2021;"Yes";"\cite{core-colley2022scene}";"10.1145/3534609"
1;1;4;2021;"Yes";"\cite{core-colley2022scene}";"10.1145/3534609"
5;5;5;2021;"Yes";"\cite{core-colley2022scene}";"10.1145/3534609"
3;2;4;2021;"Yes";"\cite{core-colley2022scene}";"10.1145/3534609"
2;1;3;2021;"Yes";"\cite{core-colley2022scene}";"10.1145/3534609"
5;5;5;2021;"Yes";"\cite{core-colley2022scene}";"10.1145/3534609"
5;5;5;2021;"Yes";"\cite{core-colley2022scene}";"10.1145/3534609"
1;2;4;2021;"Yes";"\cite{core-colley2022scene}";"10.1145/3534609"
4;3;5;2021;"Yes";"\cite{core-colley2022scene}";"10.1145/3534609"
5;5;3;2021;"Yes";"\cite{core-colley2022scene}";"10.1145/3534609"
5;5;4;2021;"Yes";"\cite{core-colley2022scene}";"10.1145/3534609"
4;3;5;2021;"Yes";"\cite{core-colley2022scene}";"10.1145/3534609"
5;5;5;2021;"Yes";"\cite{core-colley2022scene}";"10.1145/3534609"
5;5;5;2021;"Yes";"\cite{core-colley2022scene}";"10.1145/3534609"
1;2;5;2021;"Yes";"\cite{core-colley2022scene}";"10.1145/3534609"
2;2;4;2021;"Yes";"\cite{core-colley2022scene}";"10.1145/3534609"
3;3;5;2021;"Yes";"\cite{core-colley2022scene}";"10.1145/3534609"
5;2;3;2021;"Yes";"\cite{core-colley2022scene}";"10.1145/3534609"
3;3;5;2021;"Yes";"\cite{core-colley2022scene}";"10.1145/3534609"
5;5;3;2021;"Yes";"\cite{core-colley2022scene}";"10.1145/3534609"
4;4;4;2021;"Yes";"\cite{core-colley2022scene}";"10.1145/3534609"
5;5;5;2021;"Yes";"\cite{core-colley2022scene}";"10.1145/3534609"
3;4;4;2021;"Yes";"\cite{core-colley2022scene}";"10.1145/3534609"
4;4;3;2021;"Yes";"\cite{core-colley2022scene}";"10.1145/3534609"
2;3;4;2021;"Yes";"\cite{core-colley2022scene}";"10.1145/3534609"
4;4;4;2021;"Yes";"\cite{core-colley2022scene}";"10.1145/3534609"
4;4;4;2021;"Yes";"\cite{core-colley2022scene}";"10.1145/3534609"
2;2;3;2021;"Yes";"\cite{core-colley2022scene}";"10.1145/3534609"
3;4;4;2021;"Yes";"\cite{core-colley2022scene}";"10.1145/3534609"
5;5;5;2021;"Yes";"\cite{core-colley2022scene}";"10.1145/3534609"
2;2;2;2021;"Yes";"\cite{core-colley2022scene}";"10.1145/3534609"
4;4;3;2021;"Yes";"\cite{core-colley2022scene}";"10.1145/3534609"
2;2;4;2021;"Yes";"\cite{core-colley2022scene}";"10.1145/3534609"
2;3;4;2021;"Yes";"\cite{core-colley2022scene}";"10.1145/3534609"
4;3;4;2021;"Yes";"\cite{core-colley2022scene}";"10.1145/3534609"
4;5;5;2021;"Yes";"\cite{core-colley2022scene}";"10.1145/3534609"
3;3;3;2021;"Yes";"\cite{core-colley2022scene}";"10.1145/3534609"
5;5;5;2021;"Yes";"\cite{core-colley2022scene}";"10.1145/3534609"
3;3;4;2021;"Yes";"\cite{core-colley2022scene}";"10.1145/3534609"
3;4;4;2021;"Yes";"\cite{core-colley2022scene}";"10.1145/3534609"
3;2;5;2021;"Yes";"\cite{core-colley2022scene}";"10.1145/3534609"
5;5;5;2021;"Yes";"\cite{core-colley2022scene}";"10.1145/3534609"
3;3;4;2021;"Yes";"\cite{core-colley2022scene}";"10.1145/3534609"
3;3;4;2021;"Yes";"\cite{core-colley2022scene}";"10.1145/3534609"
3;4;4;2021;"Yes";"\cite{core-colley2022scene}";"10.1145/3534609"
4;4;5;2021;"Yes";"\cite{core-colley2022scene}";"10.1145/3534609"
5;3;3;2021;"Yes";"\cite{core-colley2022scene}";"10.1145/3534609"
4;4;5;2021;"Yes";"\cite{core-colley2022scene}";"10.1145/3534609"
4;5;4;2021;"Yes";"\cite{core-colley2022scene}";"10.1145/3534609"
5;5;5;2021;"Yes";"\cite{core-colley2022scene}";"10.1145/3534609"
5;5;4;2021;"Yes";"\cite{core-colley2022scene}";"10.1145/3534609"
2;3;4;2021;"Yes";"\cite{core-colley2022scene}";"10.1145/3534609"
4;5;4;2021;"Yes";"\cite{core-colley2022scene}";"10.1145/3534609"
4;4;4;2021;"Yes";"\cite{core-colley2022scene}";"10.1145/3534609"
5;5;5;2021;"Yes";"\cite{core-colley2022scene}";"10.1145/3534609"
2;3;4;2021;"Yes";"\cite{core-colley2022scene}";"10.1145/3534609"
5;5;3;2021;"Yes";"\cite{core-colley2022scene}";"10.1145/3534609"
3;3;2;2021;"Yes";"\cite{core-colley2022scene}";"10.1145/3534609"
4;4;5;2021;"Yes";"\cite{core-colley2022scene}";"10.1145/3534609"
4;2;2;2021;"Yes";"\cite{core-colley2022scene}";"10.1145/3534609"
5;5;5;2021;"Yes";"\cite{core-colley2022scene}";"10.1145/3534609"
3;4;4;2020;"Yes";"\cite{core-colley2021how}";"10.1145/3478111"
4;4;4;2020;"Yes";"\cite{core-colley2021how}";"10.1145/3478111"
3;4;4;2020;"Yes";"\cite{core-colley2021how}";"10.1145/3478111"
2;3;4;2020;"Yes";"\cite{core-colley2021how}";"10.1145/3478111"
2;3;5;2020;"Yes";"\cite{core-colley2021how}";"10.1145/3478111"
5;5;5;2020;"Yes";"\cite{core-colley2021how}";"10.1145/3478111"
5;5;5;2020;"Yes";"\cite{core-colley2021how}";"10.1145/3478111"
4;3;4;2020;"Yes";"\cite{core-colley2021how}";"10.1145/3478111"
5;4;5;2020;"Yes";"\cite{core-colley2021how}";"10.1145/3478111"
5;5;5;2020;"Yes";"\cite{core-colley2021how}";"10.1145/3478111"
4;5;4;2020;"Yes";"\cite{core-colley2021how}";"10.1145/3478111"
3;4;5;2020;"Yes";"\cite{core-colley2021how}";"10.1145/3478111"
5;5;5;2020;"Yes";"\cite{core-colley2021how}";"10.1145/3478111"
4;5;5;2020;"Yes";"\cite{core-colley2021how}";"10.1145/3478111"
5;5;5;2020;"Yes";"\cite{core-colley2021how}";"10.1145/3478111"
4;4;5;2020;"Yes";"\cite{core-colley2021how}";"10.1145/3478111"
5;4;4;2020;"Yes";"\cite{core-colley2021how}";"10.1145/3478111"
3;4;4;2020;"Yes";"\cite{core-colley2021how}";"10.1145/3478111"
5;5;5;2020;"Yes";"\cite{core-colley2021how}";"10.1145/3478111"
5;5;4;2020;"Yes";"\cite{core-colley2021how}";"10.1145/3478111"
5;5;5;2020;"Yes";"\cite{core-colley2021how}";"10.1145/3478111"
4;3;1;2020;"No";"\cite{colley2021swivr}";"10.1145/3494968"
5;5;4;2020;"No";"\cite{colley2021swivr}";"10.1145/3494968"
5;3;5;2020;"No";"\cite{colley2021swivr}";"10.1145/3494968"
5;5;1;2020;"No";"\cite{colley2021swivr}";"10.1145/3494968"
5;4;2;2020;"No";"\cite{colley2021swivr}";"10.1145/3494968"
3;2;2;2020;"No";"\cite{colley2021swivr}";"10.1145/3494968"
5;5;3;2020;"No";"\cite{colley2021swivr}";"10.1145/3494968"
5;5;3;2020;"No";"\cite{colley2021swivr}";"10.1145/3494968"
5;5;4;2020;"No";"\cite{colley2021swivr}";"10.1145/3494968"
4;5;4;2020;"No";"\cite{colley2021swivr}";"10.1145/3494968"
5;5;4;2020;"No";"\cite{colley2021swivr}";"10.1145/3494968"
5;4;3;2020;"No";"\cite{colley2021swivr}";"10.1145/3494968"
5;4;3;2020;"No";"\cite{colley2021swivr}";"10.1145/3494968"
4;4;4;2020;"No";"\cite{colley2021swivr}";"10.1145/3494968"
2;3;1;2020;"No";"\cite{colley2021swivr}";"10.1145/3494968"
4;4;4;2020;"No";"\cite{colley2021swivr}";"10.1145/3494968"
4;4;2;2020;"No";"\cite{colley2021swivr}";"10.1145/3494968"
4;4;4;2020;"No";"\cite{colley2021swivr}";"10.1145/3494968"
1;2;4;2021;"No";"\cite{colley2023scalability}";"10.1145/3596248"
2;2;4;2021;"No";"\cite{colley2023scalability}";"10.1145/3596248"
4;3;5;2021;"No";"\cite{colley2023scalability}";"10.1145/3596248"
5;5;5;2021;"No";"\cite{colley2023scalability}";"10.1145/3596248"
4;5;4;2021;"No";"\cite{colley2023scalability}";"10.1145/3596248"
3;3;4;2021;"No";"\cite{colley2023scalability}";"10.1145/3596248"
4;5;3;2021;"No";"\cite{colley2023scalability}";"10.1145/3596248"
4;4;5;2021;"No";"\cite{colley2023scalability}";"10.1145/3596248"
3;4;5;2021;"No";"\cite{colley2023scalability}";"10.1145/3596248"
5;4;3;2021;"No";"\cite{colley2023scalability}";"10.1145/3596248"
4;5;5;2021;"No";"\cite{colley2023scalability}";"10.1145/3596248"
5;3;5;2021;"No";"\cite{colley2023scalability}";"10.1145/3596248"
4;3;4;2021;"No";"\cite{colley2023scalability}";"10.1145/3596248"
3;3;3;2021;"No";"\cite{colley2023scalability}";"10.1145/3596248"
4;5;5;2021;"No";"\cite{colley2023scalability}";"10.1145/3596248"
2;4;3;2021;"No";"\cite{colley2023scalability}";"10.1145/3596248"
5;5;5;2021;"No";"\cite{colley2023scalability}";"10.1145/3596248"
2;4;4;2021;"No";"\cite{colley2023scalability}";"10.1145/3596248"
5;4;4;2021;"No";"\cite{colley2023scalability}";"10.1145/3596248"
4;5;5;2021;"No";"\cite{colley2023scalability}";"10.1145/3596248"
5;5;5;2021;"No";"\cite{colley2023scalability}";"10.1145/3596248"
4;5;4;2021;"No";"\cite{colley2023scalability}";"10.1145/3596248"
3;4;4;2021;"No";"\cite{colley2023scalability}";"10.1145/3596248"
4;4;5;2021;"No";"\cite{colley2023scalability}";"10.1145/3596248"
4;4;4;2021;"No";"\cite{colley2023scalability}";"10.1145/3596248"
4;4;4;2021;"No";"\cite{colley2023scalability}";"10.1145/3596248"
4;5;3;2021;"No";"\cite{colley2023scalability}";"10.1145/3596248"
5;4;3;2021;"No";"\cite{colley2023scalability}";"10.1145/3596248"
2;3;3;2021;"No";"\cite{colley2023scalability}";"10.1145/3596248"
4;3;4;2021;"No";"\cite{colley2023scalability}";"10.1145/3596248"
2;2;3;2021;"No";"\cite{colley2023scalability}";"10.1145/3596248"
5;5;5;2021;"No";"\cite{colley2023scalability}";"10.1145/3596248"
4;4;5;2021;"No";"\cite{colley2023scalability}";"10.1145/3596248"
4;5;5;2021;"No";"\cite{colley2023scalability}";"10.1145/3596248"
4;5;5;2021;"No";"\cite{colley2023scalability}";"10.1145/3596248"
2;2;2;2021;"No";"\cite{colley2023scalability}";"10.1145/3596248"
4;4;4;2021;"No";"\cite{colley2023scalability}";"10.1145/3596248"
3;2;4;2021;"No";"\cite{colley2023scalability}";"10.1145/3596248"
4;3;5;2021;"No";"\cite{colley2023scalability}";"10.1145/3596248"
1;1;1;2021;"No";"\cite{colley2023scalability}";"10.1145/3596248"
3;3;3;2021;"No";"\cite{colley2023scalability}";"10.1145/3596248"
4;5;5;2021;"No";"\cite{colley2023scalability}";"10.1145/3596248"
3;5;5;2021;"No";"\cite{colley2023scalability}";"10.1145/3596248"
2;4;5;2021;"No";"\cite{colley2023scalability}";"10.1145/3596248"
3;4;4;2021;"No";"\cite{colley2023scalability}";"10.1145/3596248"
4;3;5;2021;"No";"\cite{colley2023scalability}";"10.1145/3596248"
5;4;4;2020;"No";"\cite{colley2021investigating}";"10.1145/3409118.3475133"
3;4;3;2020;"No";"\cite{colley2021investigating}";"10.1145/3409118.3475133"
5;5;2;2020;"No";"\cite{colley2021investigating}";"10.1145/3409118.3475133"
5;5;5;2020;"No";"\cite{colley2021investigating}";"10.1145/3409118.3475133"
5;5;2;2020;"No";"\cite{colley2021investigating}";"10.1145/3409118.3475133"
3;4;4;2020;"No";"\cite{colley2021investigating}";"10.1145/3409118.3475133"
2;4;3;2020;"No";"\cite{colley2021investigating}";"10.1145/3409118.3475133"
1;2;2;2020;"No";"\cite{colley2021investigating}";"10.1145/3409118.3475133"
5;5;5;2020;"No";"\cite{colley2021investigating}";"10.1145/3409118.3475133"
4;3;5;2020;"No";"\cite{colley2021investigating}";"10.1145/3409118.3475133"
2;2;4;2020;"No";"\cite{colley2021investigating}";"10.1145/3409118.3475133"
4;4;4;2020;"No";"\cite{colley2021investigating}";"10.1145/3409118.3475133"
3;2;2;2020;"No";"\cite{colley2021investigating}";"10.1145/3409118.3475133"
4;4;4;2020;"No";"\cite{colley2021investigating}";"10.1145/3409118.3475133"
4;3;4;2020;"No";"\cite{colley2021investigating}";"10.1145/3409118.3475133"
5;4;4;2020;"No";"\cite{colley2021investigating}";"10.1145/3409118.3475133"
4;3;4;2020;"No";"\cite{colley2021investigating}";"10.1145/3409118.3475133"
4;3;5;2020;"No";"\cite{colley2021investigating}";"10.1145/3409118.3475133"
4;3;3;2020;"No";"\cite{colley2021investigating}";"10.1145/3409118.3475133"
5;4;4;2020;"No";"\cite{colley2021investigating}";"10.1145/3409118.3475133"
4;4;5;2019;"No";"\cite{colley2020towards}";"10.1145/3313831.3376472"
4;5;4;2019;"No";"\cite{colley2020towards}";"10.1145/3313831.3376472"
5;4;5;2019;"No";"\cite{colley2020towards}";"10.1145/3313831.3376472"
5;5;4;2019;"No";"\cite{colley2020towards}";"10.1145/3313831.3376472"
4;2;3;2019;"No";"\cite{colley2020towards}";"10.1145/3313831.3376472"
4;5;3;2019;"No";"\cite{colley2020towards}";"10.1145/3313831.3376472"
4;3;2;2019;"No";"\cite{colley2020towards}";"10.1145/3313831.3376472"
5;5;4;2019;"No";"\cite{colley2020towards}";"10.1145/3313831.3376472"
3;5;4;2019;"No";"\cite{colley2020towards}";"10.1145/3313831.3376472"
3;4;5;2019;"No";"\cite{colley2020towards}";"10.1145/3313831.3376472"
2;3;1;2019;"No";"\cite{colley2020towards}";"10.1145/3313831.3376472"
2;4;5;2019;"No";"\cite{colley2020towards}";"10.1145/3313831.3376472"
4;3;2;2019;"No";"\cite{colley2020towards}";"10.1145/3313831.3376472"
4;4;2;2019;"No";"\cite{colley2020towards}";"10.1145/3313831.3376472"
5;5;4;2019;"No";"\cite{colley2020towards}";"10.1145/3313831.3376472"
5;3;4;2019;"No";"\cite{colley2020towards}";"10.1145/3313831.3376472"
4;4;5;2019;"No";"\cite{colley2020towards}";"10.1145/3313831.3376472"
3;4;4;2019;"No";"\cite{colley2020towards}";"10.1145/3313831.3376472"
5;5;5;2019;"No";"\cite{colley2020towards}";"10.1145/3313831.3376472"
5;4;4;2019;"No";"\cite{colley2020towards}";"10.1145/3313831.3376472"
4;4;5;2019;"No";"\cite{colley2020towards}";"10.1145/3313831.3376472"
4;5;4;2019;"No";"\cite{colley2020towards}";"10.1145/3313831.3376472"
5;4;3;2019;"No";"\cite{colley2020towards}";"10.1145/3313831.3376472"
4;5;2;2019;"No";"\cite{colley2020towards}";"10.1145/3313831.3376472"
3;4;4;2019;"No";"\cite{colley2020towards}";"10.1145/3313831.3376472"
4;5;4;2019;"No";"\cite{colley2020towards}";"10.1145/3313831.3376472"
5;5;4;2019;"No";"\cite{colley2020towards}";"10.1145/3313831.3376472"
1;1;2;2019;"No";"\cite{colley2020towards}";"10.1145/3313831.3376472"
3;4;2;2019;"No";"\cite{colley2020towards}";"10.1145/3313831.3376472"
3;4;2;2019;"No";"\cite{colley2020towards}";"10.1145/3313831.3376472"
3;3;1;2019;"No";"\cite{colley2020towards}";"10.1145/3313831.3376472"
3;3;1;2019;"No";"\cite{colley2020towards}";"10.1145/3313831.3376472"
3;3;2;2019;"No";"\cite{colley2020towards}";"10.1145/3313831.3376472"
5;5;5;2021;"No";"\cite{colley2022bajrovic}";"10.1145/3491102.3517571"
4;2;2;2021;"No";"\cite{colley2022bajrovic}";"10.1145/3491102.3517571"
3;3;5;2021;"No";"\cite{colley2022bajrovic}";"10.1145/3491102.3517571"
3;3;2;2021;"No";"\cite{colley2022bajrovic}";"10.1145/3491102.3517571"
1;3;1;2021;"No";"\cite{colley2022bajrovic}";"10.1145/3491102.3517571"
5;5;5;2021;"No";"\cite{colley2022bajrovic}";"10.1145/3491102.3517571"
5;4;5;2021;"No";"\cite{colley2022bajrovic}";"10.1145/3491102.3517571"
4;4;5;2021;"No";"\cite{colley2022bajrovic}";"10.1145/3491102.3517571"
1;3;1;2021;"No";"\cite{colley2022bajrovic}";"10.1145/3491102.3517571"
4;2;5;2021;"No";"\cite{colley2022bajrovic}";"10.1145/3491102.3517571"
5;5;5;2021;"No";"\cite{colley2022bajrovic}";"10.1145/3491102.3517571"
4;4;4;2021;"No";"\cite{colley2022bajrovic}";"10.1145/3491102.3517571"
3;4;5;2021;"No";"\cite{colley2022bajrovic}";"10.1145/3491102.3517571"
5;4;5;2021;"No";"\cite{colley2022bajrovic}";"10.1145/3491102.3517571"
3;4;5;2021;"No";"\cite{colley2022bajrovic}";"10.1145/3491102.3517571"
3;4;5;2021;"No";"\cite{colley2022bajrovic}";"10.1145/3491102.3517571"
5;5;1;2021;"No";"\cite{colley2022bajrovic}";"10.1145/3491102.3517571"
5;4;1;2021;"No";"\cite{colley2022bajrovic}";"10.1145/3491102.3517571"
5;5;5;2021;"No";"\cite{colley20224way}";"10.1145/3546711"
4;5;4;2021;"No";"\cite{colley20224way}";"10.1145/3546711"
3;4;5;2021;"No";"\cite{colley20224way}";"10.1145/3546711"
2;3;2;2021;"No";"\cite{colley20224way}";"10.1145/3546711"
5;5;2;2021;"No";"\cite{colley20224way}";"10.1145/3546711"
4;4;4;2021;"No";"\cite{colley20224way}";"10.1145/3546711"
5;4;4;2021;"No";"\cite{colley20224way}";"10.1145/3546711"
3;3;4;2021;"No";"\cite{colley20224way}";"10.1145/3546711"
5;5;5;2021;"No";"\cite{colley20224way}";"10.1145/3546711"
5;4;5;2021;"No";"\cite{colley20224way}";"10.1145/3546711"
4;3;4;2021;"No";"\cite{colley20224way}";"10.1145/3546711"
5;4;4;2021;"No";"\cite{colley20224way}";"10.1145/3546711"
3;3;4;2021;"No";"\cite{colley20224way}";"10.1145/3546711"
5;3;3;2021;"No";"\cite{colley20224way}";"10.1145/3546711"
5;4;4;2021;"No";"\cite{colley20224way}";"10.1145/3546711"
2;1;3;2021;"No";"\cite{colley20224way}";"10.1145/3546711"
4;3;1;2021;"No";"\cite{colley20224way}";"10.1145/3546711"
4;4;5;2021;"No";"\cite{COLLEY2022303hummler}";"10.1016/j.trf.2022.06.020"
4;5;5;2021;"No";"\cite{COLLEY2022303hummler}";"10.1016/j.trf.2022.06.020"
4;3;4;2021;"No";"\cite{COLLEY2022303hummler}";"10.1016/j.trf.2022.06.020"
5;5;5;2021;"No";"\cite{COLLEY2022303hummler}";"10.1016/j.trf.2022.06.020"
4;2;5;2021;"No";"\cite{COLLEY2022303hummler}";"10.1016/j.trf.2022.06.020"
5;5;5;2021;"No";"\cite{COLLEY2022303hummler}";"10.1016/j.trf.2022.06.020"
4;4;4;2021;"No";"\cite{COLLEY2022303hummler}";"10.1016/j.trf.2022.06.020"
5;3;5;2021;"No";"\cite{COLLEY2022303hummler}";"10.1016/j.trf.2022.06.020"
3;3;3;2021;"No";"\cite{COLLEY2022303hummler}";"10.1016/j.trf.2022.06.020"
5;5;5;2021;"No";"\cite{COLLEY2022303hummler}";"10.1016/j.trf.2022.06.020"
5;5;4;2021;"No";"\cite{COLLEY2022303hummler}";"10.1016/j.trf.2022.06.020"
3;4;4;2021;"No";"\cite{COLLEY2022303hummler}";"10.1016/j.trf.2022.06.020"
4;4;5;2021;"No";"\cite{COLLEY2022303hummler}";"10.1016/j.trf.2022.06.020"
5;5;5;2021;"No";"\cite{COLLEY2022303hummler}";"10.1016/j.trf.2022.06.020"
3;4;5;2021;"No";"\cite{COLLEY2022303hummler}";"10.1016/j.trf.2022.06.020"
4;4;4;2021;"No";"\cite{COLLEY2022303hummler}";"10.1016/j.trf.2022.06.020"
4;3;4;2021;"No";"\cite{COLLEY2022303hummler}";"10.1016/j.trf.2022.06.020"
5;5;5;2021;"No";"\cite{COLLEY2022303hummler}";"10.1016/j.trf.2022.06.020"
4;4;5;2021;"No";"\cite{COLLEY2022303hummler}";"10.1016/j.trf.2022.06.020"
4;3;4;2021;"No";"\cite{COLLEY2022303hummler}";"10.1016/j.trf.2022.06.020"
4;3;5;2021;"No";"\cite{COLLEY2022303hummler}";"10.1016/j.trf.2022.06.020"
4;3;5;2021;"No";"\cite{COLLEY2022303hummler}";"10.1016/j.trf.2022.06.020"
4;4;4;2021;"No";"\cite{COLLEY2022303hummler}";"10.1016/j.trf.2022.06.020"
3;4;5;2021;"No";"\cite{COLLEY2022303hummler}";"10.1016/j.trf.2022.06.020"
4;4;4;2021;"No";"\cite{COLLEY2022303hummler}";"10.1016/j.trf.2022.06.020"
4;4;3;2021;"No";"\cite{COLLEY2022303hummler}";"10.1016/j.trf.2022.06.020"
4;4;5;2021;"No";"\cite{COLLEY2022303hummler}";"10.1016/j.trf.2022.06.020"
4;5;5;2021;"No";"\cite{COLLEY2022303hummler}";"10.1016/j.trf.2022.06.020"
4;4;4;2021;"No";"\cite{COLLEY2022303hummler}";"10.1016/j.trf.2022.06.020"
4;4;4;2021;"No";"\cite{COLLEY2022303hummler}";"10.1016/j.trf.2022.06.020"
1;1;4;2021;"No";"\cite{COLLEY2022303hummler}";"10.1016/j.trf.2022.06.020"
4;4;5;2021;"No";"\cite{COLLEY2022303hummler}";"10.1016/j.trf.2022.06.020"
4;3;4;2021;"No";"\cite{COLLEY2022303hummler}";"10.1016/j.trf.2022.06.020"
2;1;2;2021;"No";"\cite{COLLEY2022303hummler}";"10.1016/j.trf.2022.06.020"
4;4;5;2021;"No";"\cite{COLLEY2022303hummler}";"10.1016/j.trf.2022.06.020"
4;3;4;2021;"No";"\cite{COLLEY2022303hummler}";"10.1016/j.trf.2022.06.020"
1;1;3;2021;"No";"\cite{COLLEY2022303hummler}";"10.1016/j.trf.2022.06.020"
4;2;1;2021;"No";"\cite{COLLEY2022303hummler}";"10.1016/j.trf.2022.06.020"
4;3;4;2021;"No";"\cite{COLLEY2022303hummler}";"10.1016/j.trf.2022.06.020"
4;4;4;2021;"No";"\cite{COLLEY2022303hummler}";"10.1016/j.trf.2022.06.020"
4;3;4;2021;"No";"\cite{COLLEY2022303hummler}";"10.1016/j.trf.2022.06.020"
1;1;1;2021;"No";"\cite{COLLEY2022303hummler}";"10.1016/j.trf.2022.06.020"
4;2;5;2021;"No";"\cite{COLLEY2022303hummler}";"10.1016/j.trf.2022.06.020"
4;4;4;2021;"No";"\cite{COLLEY2022303hummler}";"10.1016/j.trf.2022.06.020"
3;4;4;2021;"No";"\cite{COLLEY2022303hummler}";"10.1016/j.trf.2022.06.020"
3;4;1;2021;"No";"\cite{COLLEY2022303hummler}";"10.1016/j.trf.2022.06.020"
4;5;5;2021;"No";"\cite{COLLEY2022303hummler}";"10.1016/j.trf.2022.06.020"
4;4;5;2021;"No";"\cite{COLLEY2022303hummler}";"10.1016/j.trf.2022.06.020"
4;4;5;2021;"No";"\cite{COLLEY2022303hummler}";"10.1016/j.trf.2022.06.020"
4;4;5;2021;"No";"\cite{COLLEY2022303hummler}";"10.1016/j.trf.2022.06.020"
4;3;4;2021;"No";"\cite{COLLEY2022303hummler}";"10.1016/j.trf.2022.06.020"
5;4;5;2021;"No";"\cite{COLLEY2022303hummler}";"10.1016/j.trf.2022.06.020"
4;4;5;2021;"No";"\cite{COLLEY2022303hummler}";"10.1016/j.trf.2022.06.020"
4;4;5;2021;"No";"\cite{COLLEY2022303hummler}";"10.1016/j.trf.2022.06.020"
4;2;2;2021;"No";"\cite{COLLEY2022303hummler}";"10.1016/j.trf.2022.06.020"
5;5;5;2021;"No";"\cite{COLLEY2022303hummler}";"10.1016/j.trf.2022.06.020"
5;5;5;2021;"No";"\cite{COLLEY2022303hummler}";"10.1016/j.trf.2022.06.020"
4;3;4;2021;"No";"\cite{COLLEY2022303hummler}";"10.1016/j.trf.2022.06.020"
4;4;4;2021;"No";"\cite{COLLEY2022303hummler}";"10.1016/j.trf.2022.06.020"
3;4;4;2021;"Yes";"\cite{core-2022feedback}";"10.1145/3543174.3545255"
4;4;4;2021;"Yes";"\cite{core-2022feedback}";"10.1145/3543174.3545255"
3;4;4;2021;"Yes";"\cite{core-2022feedback}";"10.1145/3543174.3545255"
2;3;4;2021;"Yes";"\cite{core-2022feedback}";"10.1145/3543174.3545255"
2;3;5;2021;"Yes";"\cite{core-2022feedback}";"10.1145/3543174.3545255"
5;5;5;2021;"Yes";"\cite{core-2022feedback}";"10.1145/3543174.3545255"
5;5;5;2021;"Yes";"\cite{core-2022feedback}";"10.1145/3543174.3545255"
4;3;4;2021;"Yes";"\cite{core-2022feedback}";"10.1145/3543174.3545255"
5;4;5;2021;"Yes";"\cite{core-2022feedback}";"10.1145/3543174.3545255"
5;5;5;2021;"Yes";"\cite{core-2022feedback}";"10.1145/3543174.3545255"
4;5;4;2021;"Yes";"\cite{core-2022feedback}";"10.1145/3543174.3545255"
3;4;5;2021;"Yes";"\cite{core-2022feedback}";"10.1145/3543174.3545255"
4;5;5;2021;"Yes";"\cite{core-2022feedback}";"10.1145/3543174.3545255"
5;5;5;2021;"Yes";"\cite{core-2022feedback}";"10.1145/3543174.3545255"
4;4;5;2021;"Yes";"\cite{core-2022feedback}";"10.1145/3543174.3545255"
5;4;4;2021;"Yes";"\cite{core-2022feedback}";"10.1145/3543174.3545255"
5;5;5;2021;"Yes";"\cite{core-2022feedback}";"10.1145/3543174.3545255"
5;5;4;2021;"Yes";"\cite{core-2022feedback}";"10.1145/3543174.3545255"
5;5;5;2021;"Yes";"\cite{core-2022feedback}";"10.1145/3543174.3545255"
5;5;5;2021;"Yes";"\cite{core-2022feedback}";"10.1145/3543174.3545255"
5;5;5;2021;"Yes";"\cite{core-2022feedback}";"10.1145/3543174.3545255"
5;5;5;2021;"Yes";"\cite{core-2022feedback}";"10.1145/3543174.3545255"
3;4;5;2021;"Yes";"\cite{core-2022feedback}";"10.1145/3543174.3545255"
4;4;5;2021;"Yes";"\cite{core-2022feedback}";"10.1145/3543174.3545255"
5;5;5;2021;"Yes";"\cite{core-2022feedback}";"10.1145/3543174.3545255"
5;5;5;2021;"Yes";"\cite{core-2022feedback}";"10.1145/3543174.3545255"
4;5;5;2021;"Yes";"\cite{core-2022feedback}";"10.1145/3543174.3545255"
3;5;5;2021;"Yes";"\cite{core-2022feedback}";"10.1145/3543174.3545255"
4;4;3;2021;"Yes";"\cite{core-2022feedback}";"10.1145/3543174.3545255"
3;3;2;2021;"Yes";"\cite{core-2022feedback}";"10.1145/3543174.3545255"
5;3;1;2021;"Yes";"\cite{core-2022feedback}";"10.1145/3543174.3545255"
5;5;5;2021;"Yes";"\cite{core-2022feedback}";"10.1145/3543174.3545255"
5;5;5;2021;"Yes";"\cite{core-2022feedback}";"10.1145/3543174.3545255"
4;3;4;2021;"Yes";"\cite{core-2022feedback}";"10.1145/3543174.3545255"
3;4;5;2021;"Yes";"\cite{core-2022feedback}";"10.1145/3543174.3545255"
3;3;4;2021;"Yes";"\cite{core-2022feedback}";"10.1145/3543174.3545255"
3;4;5;2021;"Yes";"\cite{core-2022feedback}";"10.1145/3543174.3545255"
5;5;5;2021;"Yes";"\cite{core-2022feedback}";"10.1145/3543174.3545255"
3;3;4;2021;"Yes";"\cite{core-2022feedback}";"10.1145/3543174.3545255"
5;5;5;2021;"Yes";"\cite{core-2022feedback}";"10.1145/3543174.3545255"
5;5;4;2021;"Yes";"\cite{core-2022feedback}";"10.1145/3543174.3545255"
4;4;5;2021;"Yes";"\cite{core-2022feedback}";"10.1145/3543174.3545255"
5;5;4;2021;"Yes";"\cite{core-2022feedback}";"10.1145/3543174.3545255"
5;4;5;2021;"Yes";"\cite{core-2022feedback}";"10.1145/3543174.3545255"
1;1;5;2021;"Yes";"\cite{core-2022feedback}";"10.1145/3543174.3545255"
3;3;3;2021;"Yes";"\cite{core-2022feedback}";"10.1145/3543174.3545255"
4;4;5;2021;"Yes";"\cite{core-2022feedback}";"10.1145/3543174.3545255"
5;5;4;2021;"Yes";"\cite{core-2022feedback}";"10.1145/3543174.3545255"
5;5;4;2021;"Yes";"\cite{core-2022feedback}";"10.1145/3543174.3545255"
4;4;4;2021;"Yes";"\cite{core-2022feedback}";"10.1145/3543174.3545255"
5;5;4;2021;"Yes";"\cite{core-2022feedback}";"10.1145/3543174.3545255"
3;3;3;2021;"Yes";"\cite{core-2022feedback}";"10.1145/3543174.3545255"
5;4;3;2021;"Yes";"\cite{core-2022feedback}";"10.1145/3543174.3545255"
1;1;4;2021;"Yes";"\cite{core-2022feedback}";"10.1145/3543174.3545255"
2;2;3;2021;"Yes";"\cite{core-2022feedback}";"10.1145/3543174.3545255"
2;4;3;2021;"Yes";"\cite{core-2022feedback}";"10.1145/3543174.3545255"
4;4;5;2021;"Yes";"\cite{core-2022feedback}";"10.1145/3543174.3545255"
4;4;4;2021;"Yes";"\cite{core-2022feedback}";"10.1145/3543174.3545255"
1;1;1;2021;"Yes";"\cite{core-2022feedback}";"10.1145/3543174.3545255"
3;3;3;2021;"Yes";"\cite{core-2022feedback}";"10.1145/3543174.3545255"
5;4;4;2021;"Yes";"\cite{core-2022feedback}";"10.1145/3543174.3545255"
5;5;5;2021;"Yes";"\cite{core-2022feedback}";"10.1145/3543174.3545255"
5;5;5;2021;"Yes";"\cite{core-2022feedback}";"10.1145/3543174.3545255"
4;4;4;2021;"Yes";"\cite{core-2022feedback}";"10.1145/3543174.3545255"
4;3;5;2021;"Yes";"\cite{core-2022feedback}";"10.1145/3543174.3545255"
5;5;3;2021;"Yes";"\cite{core-2022feedback}";"10.1145/3543174.3545255"
1;2;3;2021;"Yes";"\cite{core-2022feedback}";"10.1145/3543174.3545255"
5;4;5;2021;"Yes";"\cite{core-2022feedback}";"10.1145/3543174.3545255"
5;5;3;2021;"Yes";"\cite{core-2022feedback}";"10.1145/3543174.3545255"
4;4;3;2021;"Yes";"\cite{core-2022feedback}";"10.1145/3543174.3545255"
2;2;2;2021;"Yes";"\cite{core-2022feedback}";"10.1145/3543174.3545255"
4;4;4;2021;"Yes";"\cite{core-2022feedback}";"10.1145/3543174.3545255"
5;5;5;2021;"Yes";"\cite{core-2022feedback}";"10.1145/3543174.3545255"
5;4;4;2021;"Yes";"\cite{core-2022feedback}";"10.1145/3543174.3545255"
4;4;4;2021;"Yes";"\cite{core-2022feedback}";"10.1145/3543174.3545255"
5;3;5;2021;"Yes";"\cite{core-2022feedback}";"10.1145/3543174.3545255"
5;5;4;2021;"Yes";"\cite{core-2022feedback}";"10.1145/3543174.3545255"
3;2;5;2021;"Yes";"\cite{core-2022feedback}";"10.1145/3543174.3545255"
5;4;4;2021;"Yes";"\cite{core-2022feedback}";"10.1145/3543174.3545255"
5;5;5;2021;"Yes";"\cite{core-2022feedback}";"10.1145/3543174.3545255"
5;5;5;2021;"Yes";"\cite{core-2022feedback}";"10.1145/3543174.3545255"
3;5;5;2021;"Yes";"\cite{core-2022feedback}";"10.1145/3543174.3545255"
3;3;4;2021;"Yes";"\cite{core-2022feedback}";"10.1145/3543174.3545255"
4;4;5;2021;"Yes";"\cite{core-2022feedback}";"10.1145/3543174.3545255"
5;5;5;2021;"Yes";"\cite{core-2022feedback}";"10.1145/3543174.3545255"
5;5;5;2021;"Yes";"\cite{core-2022feedback}";"10.1145/3543174.3545255"
5;4;5;2021;"Yes";"\cite{core-2022feedback}";"10.1145/3543174.3545255"
4;5;5;2021;"Yes";"\cite{core-2022feedback}";"10.1145/3543174.3545255"
4;4;5;2021;"Yes";"\cite{core-2022feedback}";"10.1145/3543174.3545255"
5;5;5;2021;"Yes";"\cite{core-2022feedback}";"10.1145/3543174.3545255"
4;4;4;2021;"Yes";"\cite{core-2022feedback}";"10.1145/3543174.3545255"
5;5;4;2021;"Yes";"\cite{core-2022feedback}";"10.1145/3543174.3545255"
5;5;5;2021;"Yes";"\cite{core-2022feedback}";"10.1145/3543174.3545255"
5;5;4;2021;"Yes";"\cite{core-2022feedback}";"10.1145/3543174.3545255"
5;4;4;2021;"Yes";"\cite{core-2022feedback}";"10.1145/3543174.3545255"
5;5;5;2021;"Yes";"\cite{core-2022feedback}";"10.1145/3543174.3545255"
5;5;5;2021;"Yes";"\cite{core-2022feedback}";"10.1145/3543174.3545255"
4;4;5;2021;"Yes";"\cite{core-2022feedback}";"10.1145/3543174.3545255"
5;5;5;2021;"Yes";"\cite{core-2022feedback}";"10.1145/3543174.3545255"
5;5;5;2021;"Yes";"\cite{core-2022feedback}";"10.1145/3543174.3545255"
5;5;4;2021;"Yes";"\cite{core-2022feedback}";"10.1145/3543174.3545255"
5;5;5;2021;"Yes";"\cite{core-2022feedback}";"10.1145/3543174.3545255"
5;5;5;2021;"Yes";"\cite{core-2022feedback}";"10.1145/3543174.3545255"
5;4;5;2021;"Yes";"\cite{core-2022feedback}";"10.1145/3543174.3545255"
4;4;5;2021;"Yes";"\cite{core-2022feedback}";"10.1145/3543174.3545255"
5;5;5;2021;"Yes";"\cite{core-2022feedback}";"10.1145/3543174.3545255"
3;5;5;2021;"Yes";"\cite{core-2022feedback}";"10.1145/3543174.3545255"
4;4;5;2021;"Yes";"\cite{core-2022feedback}";"10.1145/3543174.3545255"
2;2;2;2021;"Yes";"\cite{core-2022feedback}";"10.1145/3543174.3545255"
5;5;5;2021;"Yes";"\cite{core-2022feedback}";"10.1145/3543174.3545255"
3;1;4;2021;"Yes";"\cite{core-2022feedback}";"10.1145/3543174.3545255"
5;5;5;2021;"Yes";"\cite{core-2022feedback}";"10.1145/3543174.3545255"
5;4;4;2021;"Yes";"\cite{core-2022feedback}";"10.1145/3543174.3545255"
4;4;5;2021;"Yes";"\cite{core-2022feedback}";"10.1145/3543174.3545255"
5;5;5;2021;"Yes";"\cite{core-2022feedback}";"10.1145/3543174.3545255"
5;5;5;2021;"Yes";"\cite{core-2022feedback}";"10.1145/3543174.3545255"
5;4;4;2021;"Yes";"\cite{core-2022feedback}";"10.1145/3543174.3545255"
5;5;5;2021;"Yes";"\cite{core-2022feedback}";"10.1145/3543174.3545255"
5;5;5;2021;"Yes";"\cite{core-2022feedback}";"10.1145/3543174.3545255"
3;3;3;2021;"Yes";"\cite{core-2022feedback}";"10.1145/3543174.3545255"
5;5;5;2021;"Yes";"\cite{core-2022feedback}";"10.1145/3543174.3545255"
4;4;5;2021;"Yes";"\cite{core-2022feedback}";"10.1145/3543174.3545255"
5;5;5;2021;"Yes";"\cite{core-2022feedback}";"10.1145/3543174.3545255"
5;4;5;2021;"Yes";"\cite{core-2022feedback}";"10.1145/3543174.3545255"
2;3;5;2021;"Yes";"\cite{core-2022feedback}";"10.1145/3543174.3545255"
4;5;2;2021;"Yes";"\cite{core-2022feedback}";"10.1145/3543174.3545255"
5;4;3;2021;"Yes";"\cite{core-2022feedback}";"10.1145/3543174.3545255"
5;4;4;2021;"Yes";"\cite{core-2022feedback}";"10.1145/3543174.3545255"
5;3;4;2021;"Yes";"\cite{core-2022feedback}";"10.1145/3543174.3545255"
3;4;4;2021;"Yes";"\cite{core-2022feedback}";"10.1145/3543174.3545255"
4;3;5;2021;"Yes";"\cite{core-2022feedback}";"10.1145/3543174.3545255"
5;5;5;2021;"Yes";"\cite{core-2022feedback}";"10.1145/3543174.3545255"
5;5;4;2021;"Yes";"\cite{core-2022feedback}";"10.1145/3543174.3545255"
3;3;5;2021;"Yes";"\cite{core-2022feedback}";"10.1145/3543174.3545255"
5;4;4;2021;"Yes";"\cite{core-2022feedback}";"10.1145/3543174.3545255"
3;2;1;2021;"Yes";"\cite{core-2022feedback}";"10.1145/3543174.3545255"
5;4;4;2021;"Yes";"\cite{core-2022feedback}";"10.1145/3543174.3545255"
5;4;4;2021;"Yes";"\cite{core-2022feedback}";"10.1145/3543174.3545255"
4;4;4;2021;"Yes";"\cite{core-2022feedback}";"10.1145/3543174.3545255"
5;5;4;2021;"Yes";"\cite{core-2022feedback}";"10.1145/3543174.3545255"
5;4;4;2021;"Yes";"\cite{core-2022feedback}";"10.1145/3543174.3545255"
5;5;5;2021;"Yes";"\cite{core-2022feedback}";"10.1145/3543174.3545255"
5;3;2;2021;"Yes";"\cite{core-2022feedback}";"10.1145/3543174.3545255"
5;5;5;2021;"Yes";"\cite{core-2022feedback}";"10.1145/3543174.3545255"
5;5;5;2021;"Yes";"\cite{core-2022feedback}";"10.1145/3543174.3545255"
5;4;4;2021;"Yes";"\cite{core-2022feedback}";"10.1145/3543174.3545255"
5;5;5;2021;"Yes";"\cite{core-2022feedback}";"10.1145/3543174.3545255"
5;5;5;2021;"Yes";"\cite{core-2022feedback}";"10.1145/3543174.3545255"
1;1;1;2021;"Yes";"\cite{core-2022feedback}";"10.1145/3543174.3545255"
5;5;5;2021;"Yes";"\cite{core-2022feedback}";"10.1145/3543174.3545255"
2;3;4;2021;"Yes";"\cite{core-2022feedback}";"10.1145/3543174.3545255"
3;4;4;2021;"Yes";"\cite{core-2022feedback}";"10.1145/3543174.3545255"
3;4;4;2021;"Yes";"\cite{core-2022feedback}";"10.1145/3543174.3545255"
5;5;4;2021;"Yes";"\cite{core-2022feedback}";"10.1145/3543174.3545255"
2;3;3;2021;"Yes";"\cite{core-2022feedback}";"10.1145/3543174.3545255"
5;5;5;2021;"Yes";"\cite{core-2022feedback}";"10.1145/3543174.3545255"
5;4;2;2021;"Yes";"\cite{core-2022feedback}";"10.1145/3543174.3545255"
1;1;1;2021;"Yes";"\cite{core-2022feedback}";"10.1145/3543174.3545255"
5;4;4;2021;"Yes";"\cite{core-2022feedback}";"10.1145/3543174.3545255"
5;5;5;2021;"Yes";"\cite{core-2022feedback}";"10.1145/3543174.3545255"
5;4;4;2021;"Yes";"\cite{core-2022feedback}";"10.1145/3543174.3545255"
5;5;5;2021;"Yes";"\cite{core-2022feedback}";"10.1145/3543174.3545255"
5;5;5;2021;"Yes";"\cite{core-2022feedback}";"10.1145/3543174.3545255"
5;5;5;2021;"Yes";"\cite{core-2022feedback}";"10.1145/3543174.3545255"
5;5;5;2021;"Yes";"\cite{core-2022feedback}";"10.1145/3543174.3545255"
4;5;5;2021;"Yes";"\cite{core-2022feedback}";"10.1145/3543174.3545255"
4;4;4;2021;"Yes";"\cite{core-2022feedback}";"10.1145/3543174.3545255"
4;4;5;2021;"Yes";"\cite{core-2022feedback}";"10.1145/3543174.3545255"
5;5;4;2021;"Yes";"\cite{core-2022feedback}";"10.1145/3543174.3545255"
1;3;5;2021;"Yes";"\cite{core-2022feedback}";"10.1145/3543174.3545255"
2;3;4;2021;"Yes";"\cite{core-2022feedback}";"10.1145/3543174.3545255"
5;5;5;2021;"Yes";"\cite{core-2022feedback}";"10.1145/3543174.3545255"
4;2;4;2021;"Yes";"\cite{core-2022feedback}";"10.1145/3543174.3545255"
4;5;5;2021;"Yes";"\cite{core-2022feedback}";"10.1145/3543174.3545255"
5;5;3;2021;"Yes";"\cite{core-2022feedback}";"10.1145/3543174.3545255"
5;5;4;2021;"Yes";"\cite{core-2022feedback}";"10.1145/3543174.3545255"
3;2;2;2021;"Yes";"\cite{core-2022feedback}";"10.1145/3543174.3545255"
2;3;5;2021;"Yes";"\cite{core-2022feedback}";"10.1145/3543174.3545255"
5;5;5;2021;"Yes";"\cite{core-2022feedback}";"10.1145/3543174.3545255"
1;2;3;2021;"Yes";"\cite{core-2022feedback}";"10.1145/3543174.3545255"
5;4;5;2021;"Yes";"\cite{core-2022feedback}";"10.1145/3543174.3545255"
5;4;4;2021;"Yes";"\cite{core-2022feedback}";"10.1145/3543174.3545255"
4;4;4;2021;"Yes";"\cite{core-2022feedback}";"10.1145/3543174.3545255"
4;3;4;2021;"Yes";"\cite{core-2022feedback}";"10.1145/3543174.3545255"
5;5;5;2021;"Yes";"\cite{core-2022feedback}";"10.1145/3543174.3545255"
1;1;1;2021;"Yes";"\cite{core-2022feedback}";"10.1145/3543174.3545255"
5;5;5;2021;"Yes";"\cite{core-2022feedback}";"10.1145/3543174.3545255"
5;5;5;2021;"Yes";"\cite{core-2022feedback}";"10.1145/3543174.3545255"
5;5;5;2021;"Yes";"\cite{core-2022feedback}";"10.1145/3543174.3545255"
5;4;4;2021;"Yes";"\cite{core-2022feedback}";"10.1145/3543174.3545255"
5;5;3;2021;"Yes";"\cite{core-2022feedback}";"10.1145/3543174.3545255"
4;3;4;2021;"Yes";"\cite{core-2022feedback}";"10.1145/3543174.3545255"
4;5;5;2021;"Yes";"\cite{core-2022feedback}";"10.1145/3543174.3545255"
4;5;5;2021;"Yes";"\cite{core-2022feedback}";"10.1145/3543174.3545255"
4;5;2;2021;"Yes";"\cite{core-2022feedback}";"10.1145/3543174.3545255"
2;3;4;2021;"Yes";"\cite{core-2022feedback}";"10.1145/3543174.3545255"
5;5;5;2021;"Yes";"\cite{core-2022feedback}";"10.1145/3543174.3545255"
3;2;5;2021;"Yes";"\cite{core-2022feedback}";"10.1145/3543174.3545255"
3;4;4;2021;"Yes";"\cite{core-2022feedback}";"10.1145/3543174.3545255"
4;4;4;2021;"Yes";"\cite{core-2022feedback}";"10.1145/3543174.3545255"
3;2;4;2021;"Yes";"\cite{core-2022feedback}";"10.1145/3543174.3545255"
4;3;4;2021;"Yes";"\cite{core-2022feedback}";"10.1145/3543174.3545255"
5;5;5;2021;"Yes";"\cite{core-2022feedback}";"10.1145/3543174.3545255"
5;4;4;2021;"Yes";"\cite{core-2022feedback}";"10.1145/3543174.3545255"
5;5;5;2021;"Yes";"\cite{core-2022feedback}";"10.1145/3543174.3545255"
5;5;5;2021;"Yes";"\cite{core-2022feedback}";"10.1145/3543174.3545255"
5;5;5;2021;"Yes";"\cite{core-2022feedback}";"10.1145/3543174.3545255"
5;5;5;2021;"Yes";"\cite{core-2022feedback}";"10.1145/3543174.3545255"
5;4;4;2021;"Yes";"\cite{core-2022feedback}";"10.1145/3543174.3545255"
3;3;3;2021;"Yes";"\cite{core-2022feedback}";"10.1145/3543174.3545255"
1;1;1;2021;"Yes";"\cite{core-2022feedback}";"10.1145/3543174.3545255"
5;4;5;2021;"Yes";"\cite{core-2022feedback}";"10.1145/3543174.3545255"
4;4;5;2021;"Yes";"\cite{core-2022feedback}";"10.1145/3543174.3545255"
5;4;4;2021;"Yes";"\cite{core-2022feedback}";"10.1145/3543174.3545255"
2;3;4;2021;"Yes";"\cite{core-2022feedback}";"10.1145/3543174.3545255"
4;5;5;2021;"Yes";"\cite{core-2022feedback}";"10.1145/3543174.3545255"
5;5;5;2021;"Yes";"\cite{core-2022feedback}";"10.1145/3543174.3545255"
5;5;5;2021;"Yes";"\cite{core-2022feedback}";"10.1145/3543174.3545255"
4;4;5;2021;"Yes";"\cite{core-2022feedback}";"10.1145/3543174.3545255"
4;3;3;2021;"Yes";"\cite{core-2022feedback}";"10.1145/3543174.3545255"
4;4;3;2021;"Yes";"\cite{core-2022feedback}";"10.1145/3543174.3545255"
5;5;4;2021;"Yes";"\cite{core-2022feedback}";"10.1145/3543174.3545255"
3;4;3;2021;"Yes";"\cite{core-2022feedback}";"10.1145/3543174.3545255"
4;3;4;2021;"Yes";"\cite{core-2022feedback}";"10.1145/3543174.3545255"
5;5;5;2021;"Yes";"\cite{core-2022feedback}";"10.1145/3543174.3545255"
3;4;4;2021;"Yes";"\cite{core-2022feedback}";"10.1145/3543174.3545255"
5;5;4;2020;"No";"\cite{colley2021li}";"10.1145/3447526.3472024"
4;5;5;2020;"No";"\cite{colley2021li}";"10.1145/3447526.3472024"
4;3;4;2020;"No";"\cite{colley2021li}";"10.1145/3447526.3472024"
4;4;3;2020;"No";"\cite{colley2021li}";"10.1145/3447526.3472024"
5;5;4;2020;"No";"\cite{colley2021li}";"10.1145/3447526.3472024"
2;3;2;2020;"No";"\cite{colley2021li}";"10.1145/3447526.3472024"
4;4;1;2020;"No";"\cite{colley2021li}";"10.1145/3447526.3472024"
1;1;3;2020;"No";"\cite{colley2021li}";"10.1145/3447526.3472024"
5;5;3;2020;"No";"\cite{colley2021li}";"10.1145/3447526.3472024"
4;4;4;2020;"No";"\cite{colley2021li}";"10.1145/3447526.3472024"
5;4;5;2020;"No";"\cite{colley2021li}";"10.1145/3447526.3472024"
4;5;3;2020;"No";"\cite{colley2021li}";"10.1145/3447526.3472024"
3;4;4;2020;"No";"\cite{colley2021li}";"10.1145/3447526.3472024"
5;5;2;2020;"No";"\cite{colley2021li}";"10.1145/3447526.3472024"
4;5;4;2020;"No";"\cite{colley2021li}";"10.1145/3447526.3472024"
2;2;4;2020;"No";"\cite{colley2021li}";"10.1145/3447526.3472024"
5;5;5;2020;"No";"\cite{colley2021li}";"10.1145/3447526.3472024"
4;4;4;2020;"No";"\cite{colley2021li}";"10.1145/3447526.3472024"
4;4;3;2020;"No";"\cite{colley2021li}";"10.1145/3447526.3472024"
4;5;3;2020;"No";"\cite{colley2021li}";"10.1145/3447526.3472024"
5;5;5;2020;"No";"\cite{colley2021takeover}";"10.1145/3447526.3472025"
3;5;5;2020;"No";"\cite{colley2021takeover}";"10.1145/3447526.3472025"
5;5;5;2020;"No";"\cite{colley2021takeover}";"10.1145/3447526.3472025"
4;4;5;2020;"No";"\cite{colley2021takeover}";"10.1145/3447526.3472025"
3;3;3;2020;"No";"\cite{colley2021takeover}";"10.1145/3447526.3472025"
5;5;4;2020;"No";"\cite{colley2021takeover}";"10.1145/3447526.3472025"
4;4;5;2020;"No";"\cite{colley2021takeover}";"10.1145/3447526.3472025"
5;5;5;2020;"No";"\cite{colley2021takeover}";"10.1145/3447526.3472025"
1;2;4;2020;"No";"\cite{colley2021takeover}";"10.1145/3447526.3472025"
2;2;3;2020;"No";"\cite{colley2021takeover}";"10.1145/3447526.3472025"
3;4;4;2020;"No";"\cite{colley2021takeover}";"10.1145/3447526.3472025"
5;5;3;2020;"No";"\cite{colley2021takeover}";"10.1145/3447526.3472025"
2;2;3;2020;"No";"\cite{colley2021takeover}";"10.1145/3447526.3472025"
5;5;5;2020;"No";"\cite{colley2021takeover}";"10.1145/3447526.3472025"
4;5;4;2020;"No";"\cite{colley2021takeover}";"10.1145/3447526.3472025"
4;1;4;2020;"No";"\cite{colley2021takeover}";"10.1145/3447526.3472025"
4;4;5;2020;"No";"\cite{colley2021takeover}";"10.1145/3447526.3472025"
4;4;3;2020;"No";"\cite{colley2021takeover}";"10.1145/3447526.3472025"
5;5;5;2020;"No";"\cite{colley2021takeover}";"10.1145/3447526.3472025"
5;5;5;2020;"No";"\cite{colley2021takeover}";"10.1145/3447526.3472025"
5;3;2;2020;"No";"\cite{colley2021takeover}";"10.1145/3447526.3472025"
5;5;4;2020;"No";"\cite{colley2021takeover}";"10.1145/3447526.3472025"
5;5;5;2020;"No";"\cite{colley2021takeover}";"10.1145/3447526.3472025"
5;5;5;2020;"No";"\cite{colley2021takeover}";"10.1145/3447526.3472025"
4;4;2;2020;"No";"\cite{colley2021takeover}";"10.1145/3447526.3472025"
5;5;5;2020;"No";"\cite{colley2021takeover}";"10.1145/3447526.3472025"
2;1;2;2020;"No";"\cite{colley2021takeover}";"10.1145/3447526.3472025"
5;5;5;2020;"No";"\cite{colley2021takeover}";"10.1145/3447526.3472025"
4;5;5;2020;"No";"\cite{colley2021takeover}";"10.1145/3447526.3472025"
5;3;4;2020;"No";"\cite{colley2021takeover}";"10.1145/3447526.3472025"
4;5;5;2020;"No";"\cite{colley2021takeover}";"10.1145/3447526.3472025"
3;3;5;2020;"No";"\cite{colley2021takeover}";"10.1145/3447526.3472025"
5;4;4;2020;"No";"\cite{colley2021takeover}";"10.1145/3447526.3472025"
5;5;5;2020;"No";"\cite{colley2021takeover}";"10.1145/3447526.3472025"
4;3;5;2020;"No";"\cite{colley2021takeover}";"10.1145/3447526.3472025"
5;5;5;2020;"No";"\cite{colley2021takeover}";"10.1145/3447526.3472025"
4;3;3;2020;"No";"\cite{colley2021takeover}";"10.1145/3447526.3472025"
4;4;4;2020;"No";"\cite{colley2021takeover}";"10.1145/3447526.3472025"
2;2;1;2020;"No";"\cite{colley2021takeover}";"10.1145/3447526.3472025"
4;5;4;2020;"No";"\cite{colley2021takeover}";"10.1145/3447526.3472025"
3;3;2;2020;"No";"\cite{colley2021takeover}";"10.1145/3447526.3472025"
4;4;4;2020;"No";"\cite{colley2021takeover}";"10.1145/3447526.3472025"
4;2;5;2020;"No";"\cite{colley2021takeover}";"10.1145/3447526.3472025"
3;3;4;2020;"No";"\cite{colley2021takeover}";"10.1145/3447526.3472025"
4;4;4;2020;"No";"\cite{colley2021takeover}";"10.1145/3447526.3472025"
5;5;5;2020;"No";"\cite{colley2021takeover}";"10.1145/3447526.3472025"
4;5;5;2020;"No";"\cite{colley2021takeover}";"10.1145/3447526.3472025"
5;4;4;2020;"No";"\cite{colley2021takeover}";"10.1145/3447526.3472025"
5;5;4;2020;"No";"\cite{colley2021takeover}";"10.1145/3447526.3472025"
5;3;3;2020;"No";"\cite{colley2021takeover}";"10.1145/3447526.3472025"
1;1;1;2020;"No";"\cite{colley2021takeover}";"10.1145/3447526.3472025"
5;5;5;2020;"No";"\cite{colley2021takeover}";"10.1145/3447526.3472025"
4;4;5;2020;"No";"\cite{colley2021takeover}";"10.1145/3447526.3472025"
5;5;5;2020;"No";"\cite{colley2021takeover}";"10.1145/3447526.3472025"
3;1;5;2020;"No";"\cite{colley2021takeover}";"10.1145/3447526.3472025"
5;4;5;2020;"No";"\cite{colley2021takeover}";"10.1145/3447526.3472025"
5;5;5;2020;"No";"\cite{colley2021takeover}";"10.1145/3447526.3472025"
5;5;5;2020;"No";"\cite{colley2021takeover}";"10.1145/3447526.3472025"
3;3;4;2020;"No";"\cite{colley2021takeover}";"10.1145/3447526.3472025"
5;4;4;2020;"No";"\cite{colley2021takeover}";"10.1145/3447526.3472025"
3;4;4;2020;"No";"\cite{colley2021takeover}";"10.1145/3447526.3472025"
2;2;3;2020;"No";"\cite{colley2021takeover}";"10.1145/3447526.3472025"
3;2;3;2020;"No";"\cite{colley2021takeover}";"10.1145/3447526.3472025"
5;4;3;2020;"No";"\cite{colley2021takeover}";"10.1145/3447526.3472025"
4;4;4;2020;"No";"\cite{colley2021takeover}";"10.1145/3447526.3472025"
4;4;4;2020;"No";"\cite{colley2021takeover}";"10.1145/3447526.3472025"
5;5;5;2020;"No";"\cite{colley2021takeover}";"10.1145/3447526.3472025"
3;4;4;2020;"No";"\cite{colley2021takeover}";"10.1145/3447526.3472025"
4;3;4;2020;"No";"\cite{colley2021takeover}";"10.1145/3447526.3472025"
5;5;5;2020;"No";"\cite{colley2021takeover}";"10.1145/3447526.3472025"
5;5;2;2020;"No";"\cite{colley2021takeover}";"10.1145/3447526.3472025"
5;4;3;2020;"No";"\cite{colley2021takeover}";"10.1145/3447526.3472025"
5;4;4;2020;"No";"\cite{colley2021takeover}";"10.1145/3447526.3472025"
5;5;5;2020;"No";"\cite{colley2021takeover}";"10.1145/3447526.3472025"
5;5;4;2020;"No";"\cite{colley2021takeover}";"10.1145/3447526.3472025"
4;5;4;2020;"No";"\cite{colley2021takeover}";"10.1145/3447526.3472025"
5;5;5;2020;"No";"\cite{colley2021takeover}";"10.1145/3447526.3472025"
5;5;5;2020;"No";"\cite{colley2021takeover}";"10.1145/3447526.3472025"
5;5;5;2020;"No";"\cite{colley2021takeover}";"10.1145/3447526.3472025"
5;5;5;2020;"No";"\cite{colley2021takeover}";"10.1145/3447526.3472025"
4;4;3;2020;"No";"\cite{colley2021takeover}";"10.1145/3447526.3472025"
5;4;5;2020;"No";"\cite{colley2021takeover}";"10.1145/3447526.3472025"
5;5;5;2020;"No";"\cite{colley2021takeover}";"10.1145/3447526.3472025"
5;5;5;2020;"No";"\cite{colley2021takeover}";"10.1145/3447526.3472025"
3;3;4;2020;"No";"\cite{colley2021takeover}";"10.1145/3447526.3472025"
5;4;5;2020;"No";"\cite{colley2021takeover}";"10.1145/3447526.3472025"
4;4;3;2020;"No";"\cite{colley2021takeover}";"10.1145/3447526.3472025"
5;1;5;2020;"No";"\cite{colley2021takeover}";"10.1145/3447526.3472025"
5;4;5;2020;"No";"\cite{colley2021takeover}";"10.1145/3447526.3472025"
3;5;4;2020;"No";"\cite{colley2021takeover}";"10.1145/3447526.3472025"
4;3;5;2020;"No";"\cite{colley2021takeover}";"10.1145/3447526.3472025"
4;3;2;2020;"No";"\cite{colley2021takeover}";"10.1145/3447526.3472025"
5;5;3;2020;"No";"\cite{colley2021takeover}";"10.1145/3447526.3472025"
2;3;4;2020;"No";"\cite{colley2021takeover}";"10.1145/3447526.3472025"
2;2;3;2020;"No";"\cite{colley2021takeover}";"10.1145/3447526.3472025"
5;5;5;2020;"No";"\cite{colley2021takeover}";"10.1145/3447526.3472025"
4;4;5;2020;"No";"\cite{colley2021takeover}";"10.1145/3447526.3472025"
3;3;4;2020;"No";"\cite{colley2021takeover}";"10.1145/3447526.3472025"
5;4;5;2020;"No";"\cite{colley2021takeover}";"10.1145/3447526.3472025"
1;2;3;2020;"No";"\cite{colley2021takeover}";"10.1145/3447526.3472025"
1;3;3;2020;"No";"\cite{colley2021takeover}";"10.1145/3447526.3472025"
3;3;3;2020;"No";"\cite{colley2021takeover}";"10.1145/3447526.3472025"
4;5;4;2020;"No";"\cite{colley2021takeover}";"10.1145/3447526.3472025"
5;5;5;2020;"No";"\cite{colley2021takeover}";"10.1145/3447526.3472025"
2;3;2;2020;"No";"\cite{colley2021takeover}";"10.1145/3447526.3472025"
5;4;4;2020;"No";"\cite{colley2021takeover}";"10.1145/3447526.3472025"
5;5;5;2020;"No";"\cite{colley2021takeover}";"10.1145/3447526.3472025"
2;2;5;2020;"No";"\cite{colley2021takeover}";"10.1145/3447526.3472025"
4;5;4;2020;"No";"\cite{colley2021takeover}";"10.1145/3447526.3472025"
4;5;5;2020;"No";"\cite{colley2021takeover}";"10.1145/3447526.3472025"
5;5;5;2020;"No";"\cite{colley2021takeover}";"10.1145/3447526.3472025"
4;4;3;2020;"No";"\cite{colley2021takeover}";"10.1145/3447526.3472025"
5;5;4;2020;"No";"\cite{colley2021takeover}";"10.1145/3447526.3472025"
2;3;3;2020;"No";"\cite{colley2021takeover}";"10.1145/3447526.3472025"
2;2;4;2020;"No";"\cite{colley2021takeover}";"10.1145/3447526.3472025"
4;5;4;2020;"No";"\cite{colley2021takeover}";"10.1145/3447526.3472025"
3;3;4;2020;"No";"\cite{colley2021takeover}";"10.1145/3447526.3472025"
4;4;4;2020;"No";"\cite{colley2021takeover}";"10.1145/3447526.3472025"
2;2;4;2020;"No";"\cite{colley2021takeover}";"10.1145/3447526.3472025"
5;5;5;2020;"No";"\cite{colley2021takeover}";"10.1145/3447526.3472025"
3;2;2;2020;"No";"\cite{colley2021takeover}";"10.1145/3447526.3472025"
5;5;5;2020;"No";"\cite{colley2021takeover}";"10.1145/3447526.3472025"
4;4;2;2020;"No";"\cite{colley2021takeover}";"10.1145/3447526.3472025"
4;4;4;2020;"No";"\cite{colley2021takeover}";"10.1145/3447526.3472025"
3;2;4;2020;"No";"\cite{colley2021takeover}";"10.1145/3447526.3472025"
3;3;4;2020;"No";"\cite{colley2021takeover}";"10.1145/3447526.3472025"
4;4;2;2020;"No";"\cite{colley2021takeover}";"10.1145/3447526.3472025"
5;5;5;2020;"No";"\cite{colley2021takeover}";"10.1145/3447526.3472025"
4;5;5;2020;"No";"\cite{colley2021takeover}";"10.1145/3447526.3472025"
4;5;4;2020;"No";"\cite{colley2021takeover}";"10.1145/3447526.3472025"
5;5;5;2020;"No";"\cite{colley2021takeover}";"10.1145/3447526.3472025"
1;3;3;2020;"No";"\cite{colley2021takeover}";"10.1145/3447526.3472025"
5;4;4;2020;"No";"\cite{colley2021takeover}";"10.1145/3447526.3472025"
5;5;5;2020;"No";"\cite{colley2021takeover}";"10.1145/3447526.3472025"
2;1;1;2020;"No";"\cite{colley2021takeover}";"10.1145/3447526.3472025"
4;3;5;2020;"No";"\cite{colley2021takeover}";"10.1145/3447526.3472025"
1;1;1;2020;"No";"\cite{colley2021takeover}";"10.1145/3447526.3472025"
5;5;5;2020;"No";"\cite{colley2021takeover}";"10.1145/3447526.3472025"
4;2;3;2020;"No";"\cite{colley2021takeover}";"10.1145/3447526.3472025"
4;3;3;2020;"No";"\cite{colley2021takeover}";"10.1145/3447526.3472025"
5;5;5;2020;"No";"\cite{colley2021takeover}";"10.1145/3447526.3472025"
4;3;4;2020;"No";"\cite{colley2021takeover}";"10.1145/3447526.3472025"
1;1;1;2020;"No";"\cite{colley2021takeover}";"10.1145/3447526.3472025"
3;3;5;2020;"No";"\cite{colley2021takeover}";"10.1145/3447526.3472025"
2;3;3;2020;"No";"\cite{colley2021takeover}";"10.1145/3447526.3472025"
5;4;3;2020;"No";"\cite{colley2021takeover}";"10.1145/3447526.3472025"
4;2;2;2020;"No";"\cite{colley2021takeover}";"10.1145/3447526.3472025"
4;4;4;2020;"No";"\cite{colley2021takeover}";"10.1145/3447526.3472025"
5;4;4;2020;"No";"\cite{colley2021takeover}";"10.1145/3447526.3472025"
5;4;3;2020;"No";"\cite{colley2021takeover}";"10.1145/3447526.3472025"
5;3;4;2020;"No";"\cite{colley2021takeover}";"10.1145/3447526.3472025"
4;4;3;2020;"No";"\cite{colley2021takeover}";"10.1145/3447526.3472025"
5;5;5;2020;"No";"\cite{colley2021takeover}";"10.1145/3447526.3472025"
5;5;5;2020;"No";"\cite{colley2021takeover}";"10.1145/3447526.3472025"
4;4;4;2020;"No";"\cite{colley2021takeover}";"10.1145/3447526.3472025"
4;4;2;2020;"No";"\cite{colley2021takeover}";"10.1145/3447526.3472025"
3;3;3;2020;"No";"\cite{colley2021takeover}";"10.1145/3447526.3472025"
3;3;3;2020;"No";"\cite{colley2021takeover}";"10.1145/3447526.3472025"
4;3;1;2020;"No";"\cite{colley2021takeover}";"10.1145/3447526.3472025"
5;5;5;2020;"No";"\cite{colley2021takeover}";"10.1145/3447526.3472025"
4;5;4;2020;"No";"\cite{colley2021takeover}";"10.1145/3447526.3472025"
3;3;4;2020;"No";"\cite{colley2021takeover}";"10.1145/3447526.3472025"
4;4;5;2020;"No";"\cite{colley2021takeover}";"10.1145/3447526.3472025"
4;4;3;2020;"No";"\cite{colley2021takeover}";"10.1145/3447526.3472025"
5;5;5;2020;"No";"\cite{colley2021takeover}";"10.1145/3447526.3472025"
1;5;5;2020;"No";"\cite{colley2021takeover}";"10.1145/3447526.3472025"
5;4;3;2020;"No";"\cite{colley2021takeover}";"10.1145/3447526.3472025"
5;5;5;2020;"No";"\cite{colley2021takeover}";"10.1145/3447526.3472025"
5;5;5;2020;"No";"\cite{colley2021takeover}";"10.1145/3447526.3472025"
4;4;3;2020;"No";"\cite{colley2021takeover}";"10.1145/3447526.3472025"
5;5;5;2020;"No";"\cite{colley2021takeover}";"10.1145/3447526.3472025"
5;5;3;2020;"No";"\cite{colley2021takeover}";"10.1145/3447526.3472025"
1;1;1;2020;"No";"\cite{colley2021takeover}";"10.1145/3447526.3472025"
1;4;5;2020;"No";"\cite{colley2021takeover}";"10.1145/3447526.3472025"
4;5;3;2020;"No";"\cite{colley2021takeover}";"10.1145/3447526.3472025"
4;3;4;2020;"No";"\cite{colley2021takeover}";"10.1145/3447526.3472025"
5;5;4;2020;"No";"\cite{colley2021takeover}";"10.1145/3447526.3472025"
5;5;5;2020;"No";"\cite{colley2021takeover}";"10.1145/3447526.3472025"
4;3;5;2020;"No";"\cite{colley2021takeover}";"10.1145/3447526.3472025"
4;5;5;2020;"No";"\cite{colley2021takeover}";"10.1145/3447526.3472025"
5;5;4;2020;"No";"\cite{colley2021takeover}";"10.1145/3447526.3472025"
1;1;3;2020;"No";"\cite{colley2021takeover}";"10.1145/3447526.3472025"
5;4;3;2020;"No";"\cite{colley2021takeover}";"10.1145/3447526.3472025"
5;5;5;2020;"No";"\cite{colley2021takeover}";"10.1145/3447526.3472025"
5;5;4;2020;"No";"\cite{colley2021takeover}";"10.1145/3447526.3472025"
4;5;4;2020;"No";"\cite{colley2021takeover}";"10.1145/3447526.3472025"
4;5;4;2020;"No";"\cite{colley2021takeover}";"10.1145/3447526.3472025"
5;5;3;2020;"No";"\cite{colley2021takeover}";"10.1145/3447526.3472025"
5;5;5;2020;"No";"\cite{colley2021takeover}";"10.1145/3447526.3472025"
4;4;4;2020;"No";"\cite{colley2021takeover}";"10.1145/3447526.3472025"
4;4;3;2020;"No";"\cite{colley2021takeover}";"10.1145/3447526.3472025"
5;5;5;2020;"No";"\cite{colley2021takeover}";"10.1145/3447526.3472025"
5;5;5;2020;"No";"\cite{colley2021takeover}";"10.1145/3447526.3472025"
5;3;2;2020;"No";"\cite{colley2021takeover}";"10.1145/3447526.3472025"
4;4;1;2020;"No";"\cite{colley2021takeover}";"10.1145/3447526.3472025"
5;5;5;2020;"No";"\cite{colley2021takeover}";"10.1145/3447526.3472025"
5;5;5;2020;"No";"\cite{colley2021takeover}";"10.1145/3447526.3472025"
5;4;3;2020;"No";"\cite{colley2021takeover}";"10.1145/3447526.3472025"
4;4;4;2020;"No";"\cite{colley2021takeover}";"10.1145/3447526.3472025"
2;2;3;2020;"No";"\cite{colley2021takeover}";"10.1145/3447526.3472025"
5;5;1;2020;"No";"\cite{colley2021takeover}";"10.1145/3447526.3472025"
4;5;5;2020;"No";"\cite{colley2021takeover}";"10.1145/3447526.3472025"
5;5;5;2020;"No";"\cite{colley2021takeover}";"10.1145/3447526.3472025"
5;4;4;2020;"No";"\cite{colley2021takeover}";"10.1145/3447526.3472025"
4;4;5;2020;"No";"\cite{colley2021takeover}";"10.1145/3447526.3472025"
4;5;4;2020;"No";"\cite{colley2021takeover}";"10.1145/3447526.3472025"
3;3;5;2020;"No";"\cite{colley2021takeover}";"10.1145/3447526.3472025"
4;4;3;2020;"No";"\cite{colley2021takeover}";"10.1145/3447526.3472025"
5;5;5;2020;"No";"\cite{colley2021takeover}";"10.1145/3447526.3472025"
2;1;5;2020;"No";"\cite{colley2021takeover}";"10.1145/3447526.3472025"
5;5;5;2020;"No";"\cite{colley2021takeover}";"10.1145/3447526.3472025"
5;5;5;2020;"No";"\cite{colley2021takeover}";"10.1145/3447526.3472025"
4;5;4;2020;"No";"\cite{colley2021takeover}";"10.1145/3447526.3472025"
1;1;1;2020;"No";"\cite{colley2021takeover}";"10.1145/3447526.3472025"
3;1;4;2020;"No";"\cite{colley2021takeover}";"10.1145/3447526.3472025"
5;5;4;2020;"No";"\cite{colley2021takeover}";"10.1145/3447526.3472025"
5;5;5;2020;"No";"\cite{colley2021takeover}";"10.1145/3447526.3472025"
4;4;4;2020;"No";"\cite{colley2021takeover}";"10.1145/3447526.3472025"
4;4;5;2020;"No";"\cite{colley2021takeover}";"10.1145/3447526.3472025"
4;4;4;2020;"No";"\cite{colley2021takeover}";"10.1145/3447526.3472025"
5;5;5;2020;"No";"\cite{colley2021takeover}";"10.1145/3447526.3472025"
5;5;5;2020;"No";"\cite{colley2021takeover}";"10.1145/3447526.3472025"
4;4;5;2020;"No";"\cite{colley2021takeover}";"10.1145/3447526.3472025"
5;5;5;2020;"No";"\cite{colley2021takeover}";"10.1145/3447526.3472025"
5;4;4;2020;"No";"\cite{colley2021takeover}";"10.1145/3447526.3472025"
5;5;5;2020;"No";"\cite{colley2020truck}";"10.1145/3409120.3410647"
3;4;2;2020;"No";"\cite{colley2020truck}";"10.1145/3409120.3410647"
5;4;5;2020;"No";"\cite{colley2020truck}";"10.1145/3409120.3410647"
5;4;2;2020;"No";"\cite{colley2020truck}";"10.1145/3409120.3410647"
4;4;5;2020;"No";"\cite{colley2020truck}";"10.1145/3409120.3410647"
4;4;3;2020;"No";"\cite{colley2020truck}";"10.1145/3409120.3410647"
4;5;2;2020;"No";"\cite{colley2020truck}";"10.1145/3409120.3410647"
5;5;2;2020;"No";"\cite{colley2020truck}";"10.1145/3409120.3410647"
5;3;4;2020;"No";"\cite{colley2020truck}";"10.1145/3409120.3410647"
3;4;4;2020;"No";"\cite{colley2020truck}";"10.1145/3409120.3410647"
5;5;3;2020;"No";"\cite{colley2020truck}";"10.1145/3409120.3410647"
5;5;2;2020;"No";"\cite{colley2020truck}";"10.1145/3409120.3410647"
5;5;5;2020;"No";"\cite{colley2020truck}";"10.1145/3409120.3410647"
4;2;4;2020;"No";"\cite{colley2020truck}";"10.1145/3409120.3410647"
4;3;3;2020;"No";"\cite{colley2020truck}";"10.1145/3409120.3410647"
2;2;3;2020;"No";"\cite{colley2020truck}";"10.1145/3409120.3410647"
3;3;2;2020;"No";"\cite{colley2020truck}";"10.1145/3409120.3410647"
3;4;4;2020;"No";"\cite{colley2020truck}";"10.1145/3409120.3410647"
4;4;5;2020;"No";"\cite{colley2020truck}";"10.1145/3409120.3410647"
3;4;4;2020;"No";"\cite{colley2020truck}";"10.1145/3409120.3410647"
4;4;3;2020;"Yes";"\cite{core-colley2021effects}";"10.1145/3411764.3445351"
5;4;4;2020;"Yes";"\cite{core-colley2021effects}";"10.1145/3411764.3445351"
5;4;4;2020;"Yes";"\cite{core-colley2021effects}";"10.1145/3411764.3445351"
5;4;4;2020;"Yes";"\cite{core-colley2021effects}";"10.1145/3411764.3445351"
5;4;4;2020;"Yes";"\cite{core-colley2021effects}";"10.1145/3411764.3445351"
4;4;3;2020;"Yes";"\cite{core-colley2021effects}";"10.1145/3411764.3445351"
4;4;4;2020;"Yes";"\cite{core-colley2021effects}";"10.1145/3411764.3445351"
5;5;3;2020;"Yes";"\cite{core-colley2021effects}";"10.1145/3411764.3445351"
5;5;4;2020;"Yes";"\cite{core-colley2021effects}";"10.1145/3411764.3445351"
4;5;4;2020;"Yes";"\cite{core-colley2021effects}";"10.1145/3411764.3445351"
4;4;3;2020;"Yes";"\cite{core-colley2021effects}";"10.1145/3411764.3445351"
5;5;5;2020;"Yes";"\cite{core-colley2021effects}";"10.1145/3411764.3445351"
5;4;4;2020;"Yes";"\cite{core-colley2021effects}";"10.1145/3411764.3445351"
5;4;4;2020;"Yes";"\cite{core-colley2021effects}";"10.1145/3411764.3445351"
4;4;5;2020;"Yes";"\cite{core-colley2021effects}";"10.1145/3411764.3445351"
5;5;4;2020;"Yes";"\cite{core-colley2021effects}";"10.1145/3411764.3445351"
5;4;2;2020;"Yes";"\cite{core-colley2021effects}";"10.1145/3411764.3445351"
4;3;2;2020;"Yes";"\cite{core-colley2021effects}";"10.1145/3411764.3445351"
4;4;2;2020;"Yes";"\cite{core-colley2021effects}";"10.1145/3411764.3445351"
3;3;4;2020;"Yes";"\cite{core-colley2021effects}";"10.1145/3411764.3445351"
5;4;4;2020;"Yes";"\cite{core-colley2021effects}";"10.1145/3411764.3445351"
4;5;4;2020;"Yes";"\cite{core-colley2021effects}";"10.1145/3411764.3445351"
5;5;4;2020;"Yes";"\cite{core-colley2021effects}";"10.1145/3411764.3445351"
5;4;2;2020;"Yes";"\cite{core-colley2021effects}";"10.1145/3411764.3445351"
4;5;4;2020;"Yes";"\cite{core-colley2021effects}";"10.1145/3411764.3445351"
5;4;4;2020;"Yes";"\cite{core-colley2021effects}";"10.1145/3411764.3445351"
5;5;4;2020;"Yes";"\cite{core-colley2021effects}";"10.1145/3411764.3445351"
5;5;4;2020;"Yes";"\cite{core-colley2021effects}";"10.1145/3411764.3445351"
3;2;1;2020;"Yes";"\cite{core-colley2021effects}";"10.1145/3411764.3445351"
5;5;5;2020;"Yes";"\cite{core-colley2021effects}";"10.1145/3411764.3445351"
5;5;4;2020;"Yes";"\cite{core-colley2021effects}";"10.1145/3411764.3445351"
3;4;1;2020;"Yes";"\cite{core-colley2021effects}";"10.1145/3411764.3445351"
5;5;4;2020;"Yes";"\cite{core-colley2021effects}";"10.1145/3411764.3445351"
4;4;3;2020;"Yes";"\cite{core-colley2021effects}";"10.1145/3411764.3445351"
5;5;2;2020;"Yes";"\cite{core-colley2021effects}";"10.1145/3411764.3445351"
4;4;2;2020;"Yes";"\cite{core-colley2021effects}";"10.1145/3411764.3445351"
4;4;2;2020;"Yes";"\cite{core-colley2021effects}";"10.1145/3411764.3445351"
5;4;5;2020;"Yes";"\cite{core-colley2021effects}";"10.1145/3411764.3445351"
5;4;4;2020;"Yes";"\cite{core-colley2021effects}";"10.1145/3411764.3445351"
4;4;3;2020;"Yes";"\cite{core-colley2021effects}";"10.1145/3411764.3445351"
5;4;2;2020;"Yes";"\cite{core-colley2021effects}";"10.1145/3411764.3445351"
